{
  "parent": "ad_astra:tier_1_rocket",
  "criteria": {
    "entered_moon": {
      "conditions": {
        "to": "ad_astra:earth_orbit"
      },
      "trigger": "minecraft:changed_dimension"
    }
  },
  "display": {
    "announce_to_chat": true,
    "description": {
      "translate": "advancements.ad_astra.fishTFCmap.description"
    },
    "frame": "task",
    "hidden": false,
    "icon": {
      "item": "ad_astra:earth_globe"
    },
    "show_toast": true,
    "title": {
      "translate": "advancements.ad_astra.fishTFCmap.title"
    }
  },
  "requirements": [
    [
      "entered_moon"
    ]
  ],
  "rewards": {
    "experience": 100
  },
  "sends_telemetry_event": true
}