{
  "name": "燧石",
  "category": "tfc:bsa",
  "icon": "minecraft:flint",
  "pages": [
      {
          "type": "patchouli:spotlight",
          "item": {
              "item": "minecraft:flint"
          },
          "text": "$(thing)燧石$()是一种稀有且珍贵的岩石，可以在淡水湖底找到。$(br)$(br)这是获取燧石的唯一途径，因为现在砾石不再掉落燧石了。"
      },
      {
          "type": "patchouli:multiblock",
          "name": "燧石",
          "multiblock": {
              "mapping": {
                  "0": "tfc:groundcover/flint",
                  "G": "tfc:rock/gravel/chert"
              },
              "pattern": [
                  ["0"],
                  ["G"]
              ]
          },
          "enable_visualize": false
      },
      {
          "type": "tfc:knapping_recipe",
          "recipe": "bsa:rock_knapping/stone/axe_head/flint",
          "text": "和石头一样，燧石也可以被打制成工具头。燧石工具比石头工具稍强一些，但不如铜制工具。"
      },
      {
          "type": "patchouli:crafting",
          "recipe": "bsa:crafting/stone/axe/flint/no_binding",
          "recipe2": "bsa:crafting/stone/axe/flint/strong_binding"
      },
      {
          "type": "tfc:knapping_recipe",
          "recipe": "bsa:rock_knapping/stone/multitool_head/flint",
          "text": "燧石工具也可以使用$(l:tfc:bsa/tool_bindings)工具绑定$()，并且可以用$(l:tfc:bsa/multitool)多功能工具$()来制作。"
      }
  ],
  "read_by_default": true,
  "extra_recipe_mappings": {
      "minecraft:flint": 0,
      "bsa:stone/axe/flint": 0,
      "bsa:stone/hammer/flint": 0,
      "bsa:stone/hoe/flint": 0,
      "bsa:stone/javelin/flint": 0,
      "bsa:stone/knife/flint": 0,
      "bsa:stone/shovel/flint": 0,
      "bsa:stone/axe_head/flint": 0,
      "bsa:stone/hammer_head/flint": 0,
      "bsa:stone/hoe_head/flint": 0,
      "bsa:stone/javelin_head/flint": 0,
      "bsa:stone/knife_head/flint": 0,
      "bsa:stone/shovel_head/flint": 0
  }
}