{
  "type": "ad_astra:mars",
  "generator": {
    "type": "minecraft:noise",
    "settings": "ad_astra:mars",
    "biome_source": {
      "type": "minecraft:multi_noise",
      "biomes": [
        {
          "biome": "ad_astra:martian_wastelands",
          "parameters": {
            "altitude": 0,
            "temperature": -0.5,
            "humidity": 0,
            "continentalness": 0,
            "erosion": 0,
            "weirdness": 0,
            "depth": 0,
            "offset": 0.125
          }
        },
        {
          "biome": "ad_astra:martian_canyon_creek",
          "parameters": {
            "altitude": 0,
            "temperature": -0.5,
            "humidity": 0,
            "continentalness": 0,
            "erosion": 0,
            "weirdness": -0.25,
            "depth": 0,
            "offset": 0.125
          }
        },
        {
          "biome": "ad_astra:martian_polar_caps",
          "parameters": {
            "altitude": 0,
            "temperature": -0.5,
            "humidity": 0,
            "continentalness": 0,
            "erosion": 0,
            "weirdness": -0.5,
            "depth": 0,
            "offset": 0.125
          }
        }
      ]
    }
  }
}