{
	"credit": "Made with Blockbench",
	"texture_size": [64, 64],
	"textures": {
		"0": "tfc:item/metal/shield/black_steel"
	},
	"elements": [
		{
			"name": "mx6-4_0",
			"from": [1, -5, 7.875],
			"to": [15, 24, 8.875],
			"rotation": {"angle": 0, "axis": "y", "origin": [8, 9.5, 11.375]},
			"faces": {
				"north": {"uv": [3.75, 0.25, 0.25, 7.5], "texture": "#0"},
				"east": {"uv": [3.5, 0.25, 3.75, 7.5], "texture": "#0"},
				"south": {"uv": [4.25, 0.25, 7.75, 7.5], "texture": "#0"},
				"west": {"uv": [0.25, 0.25, 0.5, 7.5], "texture": "#0"},
				"up": {"uv": [0.25, 0.25, 3.75, 0.5], "texture": "#0"},
				"down": {"uv": [0.25, 7.25, 3.75, 7.5], "texture": "#0"}
			}
		},
		{
			"name": "mx6-4_2",
			"from": [0, -4, 7.875],
			"to": [1, 23, 8.875],
			"rotation": {"angle": 0, "axis": "y", "origin": [8, 9.5, 11.375]},
			"faces": {
				"north": {"uv": [0.25, 0.5, 0, 7.25], "texture": "#0"},
				"east": {"uv": [0, 0.5, 0.25, 7.25], "texture": "#0"},
				"south": {"uv": [0, 0.5, 0.25, 7.25], "texture": "#0"},
				"west": {"uv": [0, 0.5, 0.25, 7.25], "texture": "#0"},
				"up": {"uv": [0, 0.5, 0.25, 0.75], "texture": "#0"},
				"down": {"uv": [0, 7, 0.25, 7.25], "texture": "#0"}
			}
		},
		{
			"name": "mx6-4_4",
			"from": [15, -4, 7.875],
			"to": [16, 23, 8.875],
			"rotation": {"angle": 0, "axis": "y", "origin": [8, 9.5, 11.375]},
			"faces": {
				"north": {"uv": [8, 0.5, 7.75, 7.25], "texture": "#0"},
				"east": {"uv": [7.75, 0.5, 8, 7.25], "texture": "#0"},
				"south": {"uv": [7.75, 0.5, 8, 7.25], "texture": "#0"},
				"west": {"uv": [7.75, 0.5, 8, 7.25], "texture": "#0"},
				"up": {"uv": [7.75, 0.5, 8, 0.75], "texture": "#0"},
				"down": {"uv": [7.75, 7, 8, 7.25], "texture": "#0"}
			}
		},
		{
			"name": "mx6-4_5",
			"from": [2, 22, 6.875],
			"to": [14, 23, 7.875],
			"rotation": {"angle": 0, "axis": "y", "origin": [8, 9.5, 11.375]},
			"faces": {
				"north": {"uv": [11.5, 0.5, 8.5, 0.75], "texture": "#0"},
				"east": {"uv": [11.25, 0.5, 11.5, 0.75], "texture": "#0"},
				"south": {"uv": [8.5, 0.5, 11.5, 0.75], "texture": "#0"},
				"west": {"uv": [8.5, 0.5, 8.75, 0.75], "texture": "#0"},
				"up": {"uv": [8.5, 0.5, 11.5, 0.75], "texture": "#0"},
				"down": {"uv": [8.5, 0.5, 11.5, 0.75], "texture": "#0"}
			}
		},
		{
			"name": "mx6-4_6",
			"from": [2, 22, 7.375],
			"to": [14, 23, 8.375],
			"rotation": {"angle": 0, "axis": "y", "origin": [8, 9.5, 11.375]},
			"faces": {
				"north": {"uv": [15.5, 0.5, 12.5, 0.75], "texture": "#0"},
				"east": {"uv": [15.25, 0.5, 15.5, 0.75], "texture": "#0"},
				"south": {"uv": [12.5, 0.5, 15.5, 0.75], "texture": "#0"},
				"west": {"uv": [12.5, 0.5, 12.75, 0.75], "texture": "#0"},
				"up": {"uv": [12.5, 0.5, 15.5, 0.75], "texture": "#0"},
				"down": {"uv": [12.5, 0.5, 15.5, 0.75], "texture": "#0"}
			}
		},
		{
			"name": "mx6-4_7",
			"from": [1, 21, 6.875],
			"to": [3, 22, 7.875],
			"rotation": {"angle": 0, "axis": "y", "origin": [8, 9.5, 11.375]},
			"faces": {
				"north": {"uv": [8.75, 0.75, 8.25, 1], "texture": "#0"},
				"east": {"uv": [8.5, 0.75, 8.75, 1], "texture": "#0"},
				"south": {"uv": [8.25, 0.75, 8.75, 1], "texture": "#0"},
				"west": {"uv": [8.25, 0.75, 8.5, 1], "texture": "#0"},
				"up": {"uv": [8.25, 0.75, 8.75, 1], "texture": "#0"},
				"down": {"uv": [8.25, 0.75, 8.75, 1], "texture": "#0"}
			}
		},
		{
			"name": "mx6-4_8",
			"from": [13, 21, 6.875],
			"to": [15, 22, 7.875],
			"rotation": {"angle": 0, "axis": "y", "origin": [8, 9.5, 11.375]},
			"faces": {
				"north": {"uv": [11.75, 0.75, 11.25, 1], "texture": "#0"},
				"east": {"uv": [11.5, 0.75, 11.75, 1], "texture": "#0"},
				"south": {"uv": [11.25, 0.75, 11.75, 1], "texture": "#0"},
				"west": {"uv": [11.25, 0.75, 11.5, 1], "texture": "#0"},
				"up": {"uv": [11.25, 0.75, 11.75, 1], "texture": "#0"},
				"down": {"uv": [11.25, 0.75, 11.75, 1], "texture": "#0"}
			}
		},
		{
			"name": "mx6-4_9",
			"from": [1, 21, 7.375],
			"to": [3, 22, 8.375],
			"rotation": {"angle": 0, "axis": "y", "origin": [8, 9.5, 11.375]},
			"faces": {
				"north": {"uv": [12.75, 0.75, 12.25, 1], "texture": "#0"},
				"east": {"uv": [12.5, 0.75, 12.75, 1], "texture": "#0"},
				"south": {"uv": [12.25, 0.75, 12.75, 1], "texture": "#0"},
				"west": {"uv": [12.25, 0.75, 12.5, 1], "texture": "#0"},
				"up": {"uv": [12.25, 0.75, 12.75, 1], "texture": "#0"},
				"down": {"uv": [12.25, 0.75, 12.75, 1], "texture": "#0"}
			}
		},
		{
			"name": "mx6-4_10",
			"from": [13, 21, 7.375],
			"to": [15, 22, 8.375],
			"rotation": {"angle": 0, "axis": "y", "origin": [8, 9.5, 11.375]},
			"faces": {
				"north": {"uv": [15.75, 0.75, 15.25, 1], "texture": "#0"},
				"east": {"uv": [15.5, 0.75, 15.75, 1], "texture": "#0"},
				"south": {"uv": [15.25, 0.75, 15.75, 1], "texture": "#0"},
				"west": {"uv": [15.25, 0.75, 15.5, 1], "texture": "#0"},
				"up": {"uv": [15.25, 0.75, 15.75, 1], "texture": "#0"},
				"down": {"uv": [15.25, 0.75, 15.75, 1], "texture": "#0"}
			}
		},
		{
			"name": "mx6-4_11",
			"from": [1, 20, 6.875],
			"to": [2, 21, 7.875],
			"rotation": {"angle": 0, "axis": "y", "origin": [8, 9.5, 11.375]},
			"faces": {
				"north": {"uv": [8.5, 1, 8.25, 1.25], "texture": "#0"},
				"east": {"uv": [8.25, 1, 8.5, 1.25], "texture": "#0"},
				"south": {"uv": [8.25, 1, 8.5, 1.25], "texture": "#0"},
				"west": {"uv": [8.25, 1, 8.5, 1.25], "texture": "#0"},
				"up": {"uv": [8.25, 1, 8.5, 1.25], "texture": "#0"},
				"down": {"uv": [8.25, 1, 8.5, 1.25], "texture": "#0"}
			}
		},
		{
			"name": "mx6-4_12",
			"from": [14, 20, 6.875],
			"to": [15, 21, 7.875],
			"rotation": {"angle": 0, "axis": "y", "origin": [8, 9.5, 11.375]},
			"faces": {
				"north": {"uv": [11.75, 1, 11.5, 1.25], "texture": "#0"},
				"east": {"uv": [11.5, 1, 11.75, 1.25], "texture": "#0"},
				"south": {"uv": [11.5, 1, 11.75, 1.25], "texture": "#0"},
				"west": {"uv": [11.5, 1, 11.75, 1.25], "texture": "#0"},
				"up": {"uv": [11.5, 1, 11.75, 1.25], "texture": "#0"},
				"down": {"uv": [11.5, 1, 11.75, 1.25], "texture": "#0"}
			}
		},
		{
			"name": "mx6-4_13",
			"from": [1, -3, 7.375],
			"to": [2, 21, 8.375],
			"rotation": {"angle": 0, "axis": "y", "origin": [8, 9.5, 11.375]},
			"faces": {
				"north": {"uv": [12.5, 1, 12.25, 7], "texture": "#0"},
				"east": {"uv": [12.25, 1, 12.5, 7], "texture": "#0"},
				"south": {"uv": [12.25, 1, 12.5, 7], "texture": "#0"},
				"west": {"uv": [12.25, 1, 12.5, 7], "texture": "#0"},
				"up": {"uv": [12.25, 1, 12.5, 1.25], "texture": "#0"},
				"down": {"uv": [12.25, 6.75, 12.5, 7], "texture": "#0"}
			}
		},
		{
			"name": "mx6-4_14",
			"from": [14, -3, 7.375],
			"to": [15, 21, 8.375],
			"rotation": {"angle": 0, "axis": "y", "origin": [8, 9.5, 11.375]},
			"faces": {
				"north": {"uv": [15.75, 1, 15.5, 7], "texture": "#0"},
				"east": {"uv": [15.5, 1, 15.75, 7], "texture": "#0"},
				"south": {"uv": [15.5, 1, 15.75, 7], "texture": "#0"},
				"west": {"uv": [15.5, 1, 15.75, 7], "texture": "#0"},
				"up": {"uv": [15.5, 1, 15.75, 1.25], "texture": "#0"},
				"down": {"uv": [15.5, 6.75, 15.75, 7], "texture": "#0"}
			}
		},
		{
			"name": "mx6-4_17",
			"from": [6, 16, 7.375],
			"to": [7, 19, 8.375],
			"rotation": {"angle": 0, "axis": "y", "origin": [8, 9.5, 11.375]},
			"faces": {
				"north": {"uv": [13.75, 1.5, 13.5, 2.25], "texture": "#0"},
				"east": {"uv": [13.5, 1.5, 13.75, 2.25], "texture": "#0"},
				"south": {"uv": [13.5, 1.5, 13.75, 2.25], "texture": "#0"},
				"west": {"uv": [13.5, 1.5, 13.75, 2.25], "texture": "#0"},
				"up": {"uv": [13.5, 1.5, 13.75, 1.75], "texture": "#0"},
				"down": {"uv": [13.5, 2, 13.75, 2.25], "texture": "#0"}
			}
		},
		{
			"name": "mx6-4_18",
			"from": [9, 16, 7.375],
			"to": [10, 19, 8.375],
			"rotation": {"angle": 0, "axis": "y", "origin": [8, 9.5, 11.375]},
			"faces": {
				"north": {"uv": [14.5, 1.5, 14.25, 2.25], "texture": "#0"},
				"east": {"uv": [14.25, 1.5, 14.5, 2.25], "texture": "#0"},
				"south": {"uv": [14.25, 1.5, 14.5, 2.25], "texture": "#0"},
				"west": {"uv": [14.25, 1.5, 14.5, 2.25], "texture": "#0"},
				"up": {"uv": [14.25, 1.5, 14.5, 1.75], "texture": "#0"},
				"down": {"uv": [14.25, 2, 14.5, 2.25], "texture": "#0"}
			}
		},
		{
			"name": "mx6-4_19",
			"from": [1, 16, 6.875],
			"to": [2, 18, 7.875],
			"rotation": {"angle": 0, "axis": "y", "origin": [8, 9.5, 11.375]},
			"faces": {
				"north": {"uv": [8.5, 1.75, 8.25, 2.25], "texture": "#0"},
				"east": {"uv": [8.25, 1.75, 8.5, 2.25], "texture": "#0"},
				"south": {"uv": [8.25, 1.75, 8.5, 2.25], "texture": "#0"},
				"west": {"uv": [8.25, 1.75, 8.5, 2.25], "texture": "#0"},
				"up": {"uv": [8.25, 1.75, 8.5, 2], "texture": "#0"},
				"down": {"uv": [8.25, 2, 8.5, 2.25], "texture": "#0"}
			}
		},
		{
			"name": "mx6-4_20",
			"from": [14, 16, 6.875],
			"to": [15, 18, 7.875],
			"rotation": {"angle": 0, "axis": "y", "origin": [8, 9.5, 11.375]},
			"faces": {
				"north": {"uv": [11.75, 1.75, 11.5, 2.25], "texture": "#0"},
				"east": {"uv": [11.5, 1.75, 11.75, 2.25], "texture": "#0"},
				"south": {"uv": [11.5, 1.75, 11.75, 2.25], "texture": "#0"},
				"west": {"uv": [11.5, 1.75, 11.75, 2.25], "texture": "#0"},
				"up": {"uv": [11.5, 1.75, 11.75, 2], "texture": "#0"},
				"down": {"uv": [11.5, 2, 11.75, 2.25], "texture": "#0"}
			}
		},
		{
			"name": "mx6-4_23",
			"from": [5, 15, 7.375],
			"to": [6, 17, 8.375],
			"rotation": {"angle": 0, "axis": "y", "origin": [8, 9.5, 11.375]},
			"faces": {
				"north": {"uv": [13.5, 2, 13.25, 2.5], "texture": "#0"},
				"east": {"uv": [13.25, 2, 13.5, 2.5], "texture": "#0"},
				"south": {"uv": [13.25, 2, 13.5, 2.5], "texture": "#0"},
				"west": {"uv": [13.25, 2, 13.5, 2.5], "texture": "#0"},
				"up": {"uv": [13.25, 2, 13.5, 2.25], "texture": "#0"},
				"down": {"uv": [13.25, 2.25, 13.5, 2.5], "texture": "#0"}
			}
		},
		{
			"name": "mx6-4_24",
			"from": [10, 15, 7.375],
			"to": [11, 17, 8.375],
			"rotation": {"angle": 0, "axis": "y", "origin": [8, 9.5, 11.375]},
			"faces": {
				"north": {"uv": [14.75, 2, 14.5, 2.5], "texture": "#0"},
				"east": {"uv": [14.5, 2, 14.75, 2.5], "texture": "#0"},
				"south": {"uv": [14.5, 2, 14.75, 2.5], "texture": "#0"},
				"west": {"uv": [14.5, 2, 14.75, 2.5], "texture": "#0"},
				"up": {"uv": [14.5, 2, 14.75, 2.25], "texture": "#0"},
				"down": {"uv": [14.5, 2.25, 14.75, 2.5], "texture": "#0"}
			}
		},
		{
			"name": "mx6-4_27",
			"from": [4, 13, 7.375],
			"to": [5, 16, 8.375],
			"rotation": {"angle": 0, "axis": "y", "origin": [8, 9.5, 11.375]},
			"faces": {
				"north": {"uv": [13.25, 2.25, 13, 3], "texture": "#0"},
				"east": {"uv": [13, 2.25, 13.25, 3], "texture": "#0"},
				"south": {"uv": [13, 2.25, 13.25, 3], "texture": "#0"},
				"west": {"uv": [13, 2.25, 13.25, 3], "texture": "#0"},
				"up": {"uv": [13, 2.25, 13.25, 2.5], "texture": "#0"},
				"down": {"uv": [13, 2.75, 13.25, 3], "texture": "#0"}
			}
		},
		{
			"name": "mx6-4_28",
			"from": [11, 13, 7.375],
			"to": [12, 16, 8.375],
			"rotation": {"angle": 0, "axis": "y", "origin": [8, 9.5, 11.375]},
			"faces": {
				"north": {"uv": [15, 2.25, 14.75, 3], "texture": "#0"},
				"east": {"uv": [14.75, 2.25, 15, 3], "texture": "#0"},
				"south": {"uv": [14.75, 2.25, 15, 3], "texture": "#0"},
				"west": {"uv": [14.75, 2.25, 15, 3], "texture": "#0"},
				"up": {"uv": [14.75, 2.25, 15, 2.5], "texture": "#0"},
				"down": {"uv": [14.75, 2.75, 15, 3], "texture": "#0"}
			}
		},
		{
			"name": "mx6-4_29",
			"from": [1, 11, 6.875],
			"to": [2, 13, 7.875],
			"rotation": {"angle": 0, "axis": "y", "origin": [8, 9.5, 11.375]},
			"faces": {
				"north": {"uv": [8.5, 3, 8.25, 3.5], "texture": "#0"},
				"east": {"uv": [8.25, 3, 8.5, 3.5], "texture": "#0"},
				"south": {"uv": [8.25, 3, 8.5, 3.5], "texture": "#0"},
				"west": {"uv": [8.25, 3, 8.5, 3.5], "texture": "#0"},
				"up": {"uv": [8.25, 3, 8.5, 3.25], "texture": "#0"},
				"down": {"uv": [8.25, 3.25, 8.5, 3.5], "texture": "#0"}
			}
		},
		{
			"name": "mx6-4_32",
			"from": [14, 11, 6.875],
			"to": [15, 13, 7.875],
			"rotation": {"angle": 0, "axis": "y", "origin": [8, 9.5, 11.375]},
			"faces": {
				"north": {"uv": [11.75, 3, 11.5, 3.5], "texture": "#0"},
				"east": {"uv": [11.5, 3, 11.75, 3.5], "texture": "#0"},
				"south": {"uv": [11.5, 3, 11.75, 3.5], "texture": "#0"},
				"west": {"uv": [11.5, 3, 11.75, 3.5], "texture": "#0"},
				"up": {"uv": [11.5, 3, 11.75, 3.25], "texture": "#0"},
				"down": {"uv": [11.5, 3.25, 11.75, 3.5], "texture": "#0"}
			}
		},
		{
			"name": "mx6-4_33",
			"from": [5, 10, 7.375],
			"to": [6, 13, 8.375],
			"rotation": {"angle": 0, "axis": "y", "origin": [8, 9.5, 11.375]},
			"faces": {
				"north": {"uv": [13.5, 3, 13.25, 3.75], "texture": "#0"},
				"east": {"uv": [13.25, 3, 13.5, 3.75], "texture": "#0"},
				"south": {"uv": [13.25, 3, 13.5, 3.75], "texture": "#0"},
				"west": {"uv": [13.25, 3, 13.5, 3.75], "texture": "#0"},
				"up": {"uv": [13.25, 3, 13.5, 3.25], "texture": "#0"},
				"down": {"uv": [13.25, 3.5, 13.5, 3.75], "texture": "#0"}
			}
		},
		{
			"name": "mx6-4_34",
			"from": [10, 10, 7.375],
			"to": [11, 13, 8.375],
			"rotation": {"angle": 0, "axis": "y", "origin": [8, 9.5, 11.375]},
			"faces": {
				"north": {"uv": [14.75, 3, 14.5, 3.75], "texture": "#0"},
				"east": {"uv": [14.5, 3, 14.75, 3.75], "texture": "#0"},
				"south": {"uv": [14.5, 3, 14.75, 3.75], "texture": "#0"},
				"west": {"uv": [14.5, 3, 14.75, 3.75], "texture": "#0"},
				"up": {"uv": [14.5, 3, 14.75, 3.25], "texture": "#0"},
				"down": {"uv": [14.5, 3.5, 14.75, 3.75], "texture": "#0"}
			}
		},
		{
			"name": "mx6-4_38",
			"from": [7, 11, 7.375],
			"to": [9, 12, 8.375],
			"rotation": {"angle": 0, "axis": "y", "origin": [8, 9.5, 11.375]},
			"faces": {
				"north": {"uv": [14.25, 3.25, 13.75, 3.5], "texture": "#0"},
				"east": {"uv": [14, 3.25, 14.25, 3.5], "texture": "#0"},
				"south": {"uv": [13.75, 3.25, 14.25, 3.5], "texture": "#0"},
				"west": {"uv": [13.75, 3.25, 14, 3.5], "texture": "#0"},
				"up": {"uv": [13.75, 3.25, 14.25, 3.5], "texture": "#0"},
				"down": {"uv": [13.75, 3.25, 14.25, 3.5], "texture": "#0"}
			}
		},
		{
			"name": "mx6-4_43",
			"from": [3, 7, 7.375],
			"to": [4, 11, 8.375],
			"rotation": {"angle": 0, "axis": "y", "origin": [8, 9.5, 11.375]},
			"faces": {
				"north": {"uv": [13, 3.5, 12.75, 4.5], "texture": "#0"},
				"east": {"uv": [12.75, 3.5, 13, 4.5], "texture": "#0"},
				"south": {"uv": [12.75, 3.5, 13, 4.5], "texture": "#0"},
				"west": {"uv": [12.75, 3.5, 13, 4.5], "texture": "#0"},
				"up": {"uv": [12.75, 3.5, 13, 3.75], "texture": "#0"},
				"down": {"uv": [12.75, 4.25, 13, 4.5], "texture": "#0"}
			}
		},
		{
			"name": "mx6-4_44",
			"from": [6, 8, 7.375],
			"to": [7, 11, 8.375],
			"rotation": {"angle": 0, "axis": "y", "origin": [8, 9.5, 11.375]},
			"faces": {
				"north": {"uv": [13.75, 3.5, 13.5, 4.25], "texture": "#0"},
				"east": {"uv": [13.5, 3.5, 13.75, 4.25], "texture": "#0"},
				"south": {"uv": [13.5, 3.5, 13.75, 4.25], "texture": "#0"},
				"west": {"uv": [13.5, 3.5, 13.75, 4.25], "texture": "#0"},
				"up": {"uv": [13.5, 3.5, 13.75, 3.75], "texture": "#0"},
				"down": {"uv": [13.5, 4, 13.75, 4.25], "texture": "#0"}
			}
		},
		{
			"name": "mx6-4_45",
			"from": [9, 8, 7.375],
			"to": [10, 11, 8.375],
			"rotation": {"angle": 0, "axis": "y", "origin": [8, 9.5, 11.375]},
			"faces": {
				"north": {"uv": [14.5, 3.5, 14.25, 4.25], "texture": "#0"},
				"east": {"uv": [14.25, 3.5, 14.5, 4.25], "texture": "#0"},
				"south": {"uv": [14.25, 3.5, 14.5, 4.25], "texture": "#0"},
				"west": {"uv": [14.25, 3.5, 14.5, 4.25], "texture": "#0"},
				"up": {"uv": [14.25, 3.5, 14.5, 3.75], "texture": "#0"},
				"down": {"uv": [14.25, 4, 14.5, 4.25], "texture": "#0"}
			}
		},
		{
			"name": "mx6-4_46",
			"from": [12, 7, 7.375],
			"to": [13, 11, 8.375],
			"rotation": {"angle": 0, "axis": "y", "origin": [8, 9.5, 11.375]},
			"faces": {
				"north": {"uv": [15.25, 3.5, 15, 4.5], "texture": "#0"},
				"east": {"uv": [15, 3.5, 15.25, 4.5], "texture": "#0"},
				"south": {"uv": [15, 3.5, 15.25, 4.5], "texture": "#0"},
				"west": {"uv": [15, 3.5, 15.25, 4.5], "texture": "#0"},
				"up": {"uv": [15, 3.5, 15.25, 3.75], "texture": "#0"},
				"down": {"uv": [15, 4.25, 15.25, 4.5], "texture": "#0"}
			}
		},
		{
			"name": "mx6-4_47",
			"from": [1, 6, 6.875],
			"to": [2, 8, 7.875],
			"rotation": {"angle": 0, "axis": "y", "origin": [8, 9.5, 11.375]},
			"faces": {
				"north": {"uv": [8.5, 4.25, 8.25, 4.75], "texture": "#0"},
				"east": {"uv": [8.25, 4.25, 8.5, 4.75], "texture": "#0"},
				"south": {"uv": [8.25, 4.25, 8.5, 4.75], "texture": "#0"},
				"west": {"uv": [8.25, 4.25, 8.5, 4.75], "texture": "#0"},
				"up": {"uv": [8.25, 4.25, 8.5, 4.5], "texture": "#0"},
				"down": {"uv": [8.25, 4.5, 8.5, 4.75], "texture": "#0"}
			}
		},
		{
			"name": "mx6-4_51",
			"from": [14, 6, 6.875],
			"to": [15, 8, 7.875],
			"rotation": {"angle": 0, "axis": "y", "origin": [8, 9.5, 11.375]},
			"faces": {
				"north": {"uv": [11.75, 4.25, 11.5, 4.75], "texture": "#0"},
				"east": {"uv": [11.5, 4.25, 11.75, 4.75], "texture": "#0"},
				"south": {"uv": [11.5, 4.25, 11.75, 4.75], "texture": "#0"},
				"west": {"uv": [11.5, 4.25, 11.75, 4.75], "texture": "#0"},
				"up": {"uv": [11.5, 4.25, 11.75, 4.5], "texture": "#0"},
				"down": {"uv": [11.5, 4.5, 11.75, 4.75], "texture": "#0"}
			}
		},
		{
			"name": "mx6-4_52",
			"from": [4, 5, 7.375],
			"to": [5, 8, 8.375],
			"rotation": {"angle": 0, "axis": "y", "origin": [8, 9.5, 11.375]},
			"faces": {
				"north": {"uv": [13.25, 4.25, 13, 5], "texture": "#0"},
				"east": {"uv": [13, 4.25, 13.25, 5], "texture": "#0"},
				"south": {"uv": [13, 4.25, 13.25, 5], "texture": "#0"},
				"west": {"uv": [13, 4.25, 13.25, 5], "texture": "#0"},
				"up": {"uv": [13, 4.25, 13.25, 4.5], "texture": "#0"},
				"down": {"uv": [13, 4.75, 13.25, 5], "texture": "#0"}
			}
		},
		{
			"name": "mx6-4_53",
			"from": [7, 7, 7.375],
			"to": [9, 8, 8.375],
			"rotation": {"angle": 0, "axis": "y", "origin": [8, 9.5, 11.375]},
			"faces": {
				"north": {"uv": [14.25, 4.25, 13.75, 4.5], "texture": "#0"},
				"east": {"uv": [14, 4.25, 14.25, 4.5], "texture": "#0"},
				"south": {"uv": [13.75, 4.25, 14.25, 4.5], "texture": "#0"},
				"west": {"uv": [13.75, 4.25, 14, 4.5], "texture": "#0"},
				"up": {"uv": [13.75, 4.25, 14.25, 4.5], "texture": "#0"},
				"down": {"uv": [13.75, 4.25, 14.25, 4.5], "texture": "#0"}
			}
		},
		{
			"name": "mx6-4_54",
			"from": [11, 5, 7.375],
			"to": [12, 8, 8.375],
			"rotation": {"angle": 0, "axis": "y", "origin": [8, 9.5, 11.375]},
			"faces": {
				"north": {"uv": [15, 4.25, 14.75, 5], "texture": "#0"},
				"east": {"uv": [14.75, 4.25, 15, 5], "texture": "#0"},
				"south": {"uv": [14.75, 4.25, 15, 5], "texture": "#0"},
				"west": {"uv": [14.75, 4.25, 15, 5], "texture": "#0"},
				"up": {"uv": [14.75, 4.25, 15, 4.5], "texture": "#0"},
				"down": {"uv": [14.75, 4.75, 15, 5], "texture": "#0"}
			}
		},
		{
			"name": "mx6-4_57",
			"from": [5, 3, 7.375],
			"to": [6, 6, 8.375],
			"rotation": {"angle": 0, "axis": "y", "origin": [8, 9.5, 11.375]},
			"faces": {
				"north": {"uv": [13.5, 4.75, 13.25, 5.5], "texture": "#0"},
				"east": {"uv": [13.25, 4.75, 13.5, 5.5], "texture": "#0"},
				"south": {"uv": [13.25, 4.75, 13.5, 5.5], "texture": "#0"},
				"west": {"uv": [13.25, 4.75, 13.5, 5.5], "texture": "#0"},
				"up": {"uv": [13.25, 4.75, 13.5, 5], "texture": "#0"},
				"down": {"uv": [13.25, 5.25, 13.5, 5.5], "texture": "#0"}
			}
		},
		{
			"name": "mx6-4_58",
			"from": [10, 3, 7.375],
			"to": [11, 6, 8.375],
			"rotation": {"angle": 0, "axis": "y", "origin": [8, 9.5, 11.375]},
			"faces": {
				"north": {"uv": [14.75, 4.75, 14.5, 5.5], "texture": "#0"},
				"east": {"uv": [14.5, 4.75, 14.75, 5.5], "texture": "#0"},
				"south": {"uv": [14.5, 4.75, 14.75, 5.5], "texture": "#0"},
				"west": {"uv": [14.5, 4.75, 14.75, 5.5], "texture": "#0"},
				"up": {"uv": [14.5, 4.75, 14.75, 5], "texture": "#0"},
				"down": {"uv": [14.5, 5.25, 14.75, 5.5], "texture": "#0"}
			}
		},
		{
			"name": "mx6-4_59",
			"from": [1, 2, 6.875],
			"to": [2, 4, 7.875],
			"rotation": {"angle": 0, "axis": "y", "origin": [8, 9.5, 11.375]},
			"faces": {
				"north": {"uv": [8.5, 5.25, 8.25, 5.75], "texture": "#0"},
				"east": {"uv": [8.25, 5.25, 8.5, 5.75], "texture": "#0"},
				"south": {"uv": [8.25, 5.25, 8.5, 5.75], "texture": "#0"},
				"west": {"uv": [8.25, 5.25, 8.5, 5.75], "texture": "#0"},
				"up": {"uv": [8.25, 5.25, 8.5, 5.5], "texture": "#0"},
				"down": {"uv": [8.25, 5.5, 8.5, 5.75], "texture": "#0"}
			}
		},
		{
			"name": "mx6-4_62",
			"from": [14, 2, 6.875],
			"to": [15, 4, 7.875],
			"rotation": {"angle": 0, "axis": "y", "origin": [8, 9.5, 11.375]},
			"faces": {
				"north": {"uv": [11.75, 5.25, 11.5, 5.75], "texture": "#0"},
				"east": {"uv": [11.5, 5.25, 11.75, 5.75], "texture": "#0"},
				"south": {"uv": [11.5, 5.25, 11.75, 5.75], "texture": "#0"},
				"west": {"uv": [11.5, 5.25, 11.75, 5.75], "texture": "#0"},
				"up": {"uv": [11.5, 5.25, 11.75, 5.5], "texture": "#0"},
				"down": {"uv": [11.5, 5.5, 11.75, 5.75], "texture": "#0"}
			}
		},
		{
			"name": "mx6-4_63",
			"from": [6, 2, 7.375],
			"to": [7, 4, 8.375],
			"rotation": {"angle": 0, "axis": "y", "origin": [8, 9.5, 11.375]},
			"faces": {
				"north": {"uv": [13.75, 5.25, 13.5, 5.75], "texture": "#0"},
				"east": {"uv": [13.5, 5.25, 13.75, 5.75], "texture": "#0"},
				"south": {"uv": [13.5, 5.25, 13.75, 5.75], "texture": "#0"},
				"west": {"uv": [13.5, 5.25, 13.75, 5.75], "texture": "#0"},
				"up": {"uv": [13.5, 5.25, 13.75, 5.5], "texture": "#0"},
				"down": {"uv": [13.5, 5.5, 13.75, 5.75], "texture": "#0"}
			}
		},
		{
			"name": "mx6-4_64",
			"from": [9, 2, 7.375],
			"to": [10, 4, 8.375],
			"rotation": {"angle": 0, "axis": "y", "origin": [8, 9.5, 11.375]},
			"faces": {
				"north": {"uv": [14.5, 5.25, 14.25, 5.75], "texture": "#0"},
				"east": {"uv": [14.25, 5.25, 14.5, 5.75], "texture": "#0"},
				"south": {"uv": [14.25, 5.25, 14.5, 5.75], "texture": "#0"},
				"west": {"uv": [14.25, 5.25, 14.5, 5.75], "texture": "#0"},
				"up": {"uv": [14.25, 5.25, 14.5, 5.5], "texture": "#0"},
				"down": {"uv": [14.25, 5.5, 14.5, 5.75], "texture": "#0"}
			}
		},
		{
			"name": "mx6-4_65",
			"from": [1, -3, 6.875],
			"to": [2, -1, 7.875],
			"rotation": {"angle": 0, "axis": "y", "origin": [8, 9.5, 11.375]},
			"faces": {
				"north": {"uv": [8.5, 6.5, 8.25, 7], "texture": "#0"},
				"east": {"uv": [8.25, 6.5, 8.5, 7], "texture": "#0"},
				"south": {"uv": [8.25, 6.5, 8.5, 7], "texture": "#0"},
				"west": {"uv": [8.25, 6.5, 8.5, 7], "texture": "#0"},
				"up": {"uv": [8.25, 6.5, 8.5, 6.75], "texture": "#0"},
				"down": {"uv": [8.25, 6.75, 8.5, 7], "texture": "#0"}
			}
		},
		{
			"name": "mx6-4_66",
			"from": [14, -3, 6.875],
			"to": [15, -1, 7.875],
			"rotation": {"angle": 0, "axis": "y", "origin": [8, 9.5, 11.375]},
			"faces": {
				"north": {"uv": [11.75, 6.5, 11.5, 7], "texture": "#0"},
				"east": {"uv": [11.5, 6.5, 11.75, 7], "texture": "#0"},
				"south": {"uv": [11.5, 6.5, 11.75, 7], "texture": "#0"},
				"west": {"uv": [11.5, 6.5, 11.75, 7], "texture": "#0"},
				"up": {"uv": [11.5, 6.5, 11.75, 6.75], "texture": "#0"},
				"down": {"uv": [11.5, 6.75, 11.75, 7], "texture": "#0"}
			}
		},
		{
			"name": "mx6-4_67",
			"from": [2, -4, 6.875],
			"to": [3, -2, 7.875],
			"rotation": {"angle": 0, "axis": "y", "origin": [8, 9.5, 11.375]},
			"faces": {
				"north": {"uv": [8.75, 6.75, 8.5, 7.25], "texture": "#0"},
				"east": {"uv": [8.5, 6.75, 8.75, 7.25], "texture": "#0"},
				"south": {"uv": [8.5, 6.75, 8.75, 7.25], "texture": "#0"},
				"west": {"uv": [8.5, 6.75, 8.75, 7.25], "texture": "#0"},
				"up": {"uv": [8.5, 6.75, 8.75, 7], "texture": "#0"},
				"down": {"uv": [8.5, 7, 8.75, 7.25], "texture": "#0"}
			}
		},
		{
			"name": "mx6-4_68",
			"from": [13, -4, 6.875],
			"to": [14, -2, 7.875],
			"rotation": {"angle": 0, "axis": "y", "origin": [8, 9.5, 11.375]},
			"faces": {
				"north": {"uv": [11.5, 6.75, 11.25, 7.25], "texture": "#0"},
				"east": {"uv": [11.25, 6.75, 11.5, 7.25], "texture": "#0"},
				"south": {"uv": [11.25, 6.75, 11.5, 7.25], "texture": "#0"},
				"west": {"uv": [11.25, 6.75, 11.5, 7.25], "texture": "#0"},
				"up": {"uv": [11.25, 6.75, 11.5, 7], "texture": "#0"},
				"down": {"uv": [11.25, 7, 11.5, 7.25], "texture": "#0"}
			}
		},
		{
			"name": "mx6-4_69",
			"from": [2, -4, 7.375],
			"to": [3, -2, 8.375],
			"rotation": {"angle": 0, "axis": "y", "origin": [8, 9.5, 11.375]},
			"faces": {
				"north": {"uv": [12.75, 6.75, 12.5, 7.25], "texture": "#0"},
				"east": {"uv": [12.5, 6.75, 12.75, 7.25], "texture": "#0"},
				"south": {"uv": [12.5, 6.75, 12.75, 7.25], "texture": "#0"},
				"west": {"uv": [12.5, 6.75, 12.75, 7.25], "texture": "#0"},
				"up": {"uv": [12.5, 6.75, 12.75, 7], "texture": "#0"},
				"down": {"uv": [12.5, 7, 12.75, 7.25], "texture": "#0"}
			}
		},
		{
			"name": "mx6-4_70",
			"from": [13, -4, 7.375],
			"to": [14, -2, 8.375],
			"rotation": {"angle": 0, "axis": "y", "origin": [8, 9.5, 11.375]},
			"faces": {
				"north": {"uv": [15.5, 6.75, 15.25, 7.25], "texture": "#0"},
				"east": {"uv": [15.25, 6.75, 15.5, 7.25], "texture": "#0"},
				"south": {"uv": [15.25, 6.75, 15.5, 7.25], "texture": "#0"},
				"west": {"uv": [15.25, 6.75, 15.5, 7.25], "texture": "#0"},
				"up": {"uv": [15.25, 6.75, 15.5, 7], "texture": "#0"},
				"down": {"uv": [15.25, 7, 15.5, 7.25], "texture": "#0"}
			}
		},
		{
			"name": "mx6-4_71",
			"from": [3, -4, 6.875],
			"to": [13, -3, 7.875],
			"rotation": {"angle": 0, "axis": "y", "origin": [8, 9.5, 11.375]},
			"faces": {
				"north": {"uv": [11.25, 7, 8.75, 7.25], "texture": "#0"},
				"east": {"uv": [11, 7, 11.25, 7.25], "texture": "#0"},
				"south": {"uv": [8.75, 7, 11.25, 7.25], "texture": "#0"},
				"west": {"uv": [8.75, 7, 9, 7.25], "texture": "#0"},
				"up": {"uv": [8.75, 7, 11.25, 7.25], "texture": "#0"},
				"down": {"uv": [8.75, 7, 11.25, 7.25], "texture": "#0"}
			}
		},
		{
			"name": "mx6-4_72",
			"from": [3, -4, 7.375],
			"to": [13, -3, 8.375],
			"rotation": {"angle": 0, "axis": "y", "origin": [8, 9.5, 11.375]},
			"faces": {
				"north": {"uv": [15.25, 7, 12.75, 7.25], "texture": "#0"},
				"east": {"uv": [15, 7, 15.25, 7.25], "texture": "#0"},
				"south": {"uv": [12.75, 7, 15.25, 7.25], "texture": "#0"},
				"west": {"uv": [12.75, 7, 13, 7.25], "texture": "#0"},
				"up": {"uv": [12.75, 7, 15.25, 7.25], "texture": "#0"},
				"down": {"uv": [12.75, 7, 15.25, 7.25], "texture": "#0"}
			}
		},
		{
			"name": "mx6-4_73",
			"from": [3, 12, 8.875],
			"to": [13, 15, 9.875],
			"rotation": {"angle": 0, "axis": "y", "origin": [8, 9.5, 11.375]},
			"faces": {
				"north": {"uv": [7.25, 8, 4.75, 8.75], "texture": "#0"},
				"east": {"uv": [7, 8, 7.25, 8.75], "texture": "#0"},
				"south": {"uv": [4.75, 8, 7.25, 8.75], "texture": "#0"},
				"west": {"uv": [4.75, 8, 5, 8.75], "texture": "#0"},
				"up": {"uv": [4.75, 8, 7.25, 8.25], "texture": "#0"},
				"down": {"uv": [4.75, 8.5, 7.25, 8.75], "texture": "#0"}
			}
		},
		{
			"name": "mx6-4_78",
			"from": [10, 9, 14.875],
			"to": [11, 10, 15.875],
			"rotation": {"angle": 0, "axis": "y", "origin": [8, 9.5, 11.375]},
			"faces": {
				"north": {"uv": [6.5, 10.25, 6.75, 10.5], "rotation": 180, "texture": "#0"},
				"east": {"uv": [6.5, 10.25, 6.75, 10.5], "rotation": 90, "texture": "#0"},
				"south": {"uv": [6.5, 10.25, 6.75, 10.5], "texture": "#0"},
				"west": {"uv": [6.5, 10.25, 6.75, 10.5], "rotation": 270, "texture": "#0"},
				"up": {"uv": [6.5, 10.25, 6.75, 10.5], "texture": "#0"},
				"down": {"uv": [6.75, 10.25, 6.5, 10.5], "rotation": 180, "texture": "#0"}
			}
		},
		{
			"name": "mx6-4_77",
			"from": [5, 9, 14.875],
			"to": [6, 10, 15.875],
			"rotation": {"angle": 0, "axis": "y", "origin": [8, 9.5, 11.375]},
			"faces": {
				"north": {"uv": [5.25, 10.25, 5.5, 10.5], "rotation": 180, "texture": "#0"},
				"east": {"uv": [5.25, 10.25, 5.5, 10.5], "rotation": 90, "texture": "#0"},
				"south": {"uv": [5.25, 10.25, 5.5, 10.5], "texture": "#0"},
				"west": {"uv": [5.25, 10.25, 5.5, 10.5], "rotation": 270, "texture": "#0"},
				"up": {"uv": [5.25, 10.25, 5.5, 10.5], "texture": "#0"},
				"down": {"uv": [5.5, 10.25, 5.25, 10.5], "rotation": 180, "texture": "#0"}
			}
		},
		{
			"name": "mx6-4_76",
			"from": [6, 9, 13.875],
			"to": [10, 10, 15.875],
			"rotation": {"angle": 0, "axis": "y", "origin": [8, 9.5, 11.375]},
			"faces": {
				"north": {"uv": [5.5, 10, 6.5, 10.25], "rotation": 180, "texture": "#0"},
				"east": {"uv": [6.25, 10, 6.5, 10.5], "rotation": 90, "texture": "#0"},
				"south": {"uv": [5.5, 10.25, 6.5, 10.5], "texture": "#0"},
				"west": {"uv": [5.5, 10, 5.75, 10.5], "rotation": 270, "texture": "#0"},
				"up": {"uv": [5.5, 10, 6.5, 10.5], "texture": "#0"},
				"down": {"uv": [6.5, 10, 5.5, 10.5], "rotation": 180, "texture": "#0"}
			}
		},
		{
			"name": "mx6-4_75",
			"from": [10, 9, 9.875],
			"to": [12, 10, 14.875],
			"rotation": {"angle": 0, "axis": "y", "origin": [8, 9.5, 11.375]},
			"faces": {
				"north": {"uv": [6.5, 9, 7, 9.25], "rotation": 180, "texture": "#0"},
				"east": {"uv": [6.75, 9, 7, 10.25], "rotation": 90, "texture": "#0"},
				"south": {"uv": [6.5, 10, 7, 10.25], "texture": "#0"},
				"west": {"uv": [6.5, 9, 6.75, 10.25], "rotation": 270, "texture": "#0"},
				"up": {"uv": [6.5, 9, 7, 10.25], "texture": "#0"},
				"down": {"uv": [7, 9, 6.5, 10.25], "rotation": 180, "texture": "#0"}
			}
		},
		{
			"name": "mx6-4_74",
			"from": [4, 9, 9.875],
			"to": [6, 10, 14.875],
			"rotation": {"angle": 0, "axis": "y", "origin": [8, 9.5, 11.375]},
			"faces": {
				"north": {"uv": [5, 9, 5.5, 9.25], "rotation": 180, "texture": "#0"},
				"east": {"uv": [5.25, 9, 5.5, 10.25], "rotation": 90, "texture": "#0"},
				"south": {"uv": [5, 10, 5.5, 10.25], "texture": "#0"},
				"west": {"uv": [5, 9, 5.25, 10.25], "rotation": 270, "texture": "#0"},
				"up": {"uv": [5, 9, 5.5, 10.25], "texture": "#0"},
				"down": {"uv": [5.5, 9, 5, 10.25], "rotation": 180, "texture": "#0"}
			}
		},
		{
			"name": "mx6-4_73",
			"from": [3, 8, 8.875],
			"to": [13, 11, 9.875],
			"rotation": {"angle": 0, "axis": "y", "origin": [8, 9.5, 11.375]},
			"faces": {
				"north": {"uv": [7.25, 8, 4.75, 8.75], "texture": "#0"},
				"east": {"uv": [7, 8, 7.25, 8.75], "texture": "#0"},
				"south": {"uv": [4.75, 8, 7.25, 8.75], "texture": "#0"},
				"west": {"uv": [4.75, 8, 5, 8.75], "texture": "#0"},
				"up": {"uv": [4.75, 8, 7.25, 8.25], "texture": "#0"},
				"down": {"uv": [4.75, 8.5, 7.25, 8.75], "texture": "#0"}
			}
		},
		{
			"name": "mx6-4_78",
			"from": [10, 5, 14.875],
			"to": [11, 6, 15.875],
			"rotation": {"angle": 0, "axis": "y", "origin": [8, 9.5, 11.375]},
			"faces": {
				"north": {"uv": [6.5, 10.25, 6.75, 10.5], "rotation": 180, "texture": "#0"},
				"east": {"uv": [6.5, 10.25, 6.75, 10.5], "rotation": 90, "texture": "#0"},
				"south": {"uv": [6.5, 10.25, 6.75, 10.5], "texture": "#0"},
				"west": {"uv": [6.5, 10.25, 6.75, 10.5], "rotation": 270, "texture": "#0"},
				"up": {"uv": [6.5, 10.25, 6.75, 10.5], "texture": "#0"},
				"down": {"uv": [6.75, 10.25, 6.5, 10.5], "rotation": 180, "texture": "#0"}
			}
		},
		{
			"name": "mx6-4_77",
			"from": [5, 5, 14.875],
			"to": [6, 6, 15.875],
			"rotation": {"angle": 0, "axis": "y", "origin": [8, 9.5, 11.375]},
			"faces": {
				"north": {"uv": [5.25, 10.25, 5.5, 10.5], "rotation": 180, "texture": "#0"},
				"east": {"uv": [5.25, 10.25, 5.5, 10.5], "rotation": 90, "texture": "#0"},
				"south": {"uv": [5.25, 10.25, 5.5, 10.5], "texture": "#0"},
				"west": {"uv": [5.25, 10.25, 5.5, 10.5], "rotation": 270, "texture": "#0"},
				"up": {"uv": [5.25, 10.25, 5.5, 10.5], "texture": "#0"},
				"down": {"uv": [5.5, 10.25, 5.25, 10.5], "rotation": 180, "texture": "#0"}
			}
		},
		{
			"name": "mx6-4_76",
			"from": [6, 5, 13.875],
			"to": [10, 6, 15.875],
			"rotation": {"angle": 0, "axis": "y", "origin": [8, 9.5, 11.375]},
			"faces": {
				"north": {"uv": [5.5, 10, 6.5, 10.25], "rotation": 180, "texture": "#0"},
				"east": {"uv": [6.25, 10, 6.5, 10.5], "rotation": 90, "texture": "#0"},
				"south": {"uv": [5.5, 10.25, 6.5, 10.5], "texture": "#0"},
				"west": {"uv": [5.5, 10, 5.75, 10.5], "rotation": 270, "texture": "#0"},
				"up": {"uv": [5.5, 10, 6.5, 10.5], "texture": "#0"},
				"down": {"uv": [6.5, 10, 5.5, 10.5], "rotation": 180, "texture": "#0"}
			}
		},
		{
			"name": "mx6-4_75",
			"from": [10, 5, 9.875],
			"to": [12, 6, 14.875],
			"rotation": {"angle": 0, "axis": "y", "origin": [8, 9.5, 11.375]},
			"faces": {
				"north": {"uv": [6.5, 9, 7, 9.25], "rotation": 180, "texture": "#0"},
				"east": {"uv": [6.75, 9, 7, 10.25], "rotation": 90, "texture": "#0"},
				"south": {"uv": [6.5, 10, 7, 10.25], "texture": "#0"},
				"west": {"uv": [6.5, 9, 6.75, 10.25], "rotation": 270, "texture": "#0"},
				"up": {"uv": [6.5, 9, 7, 10.25], "texture": "#0"},
				"down": {"uv": [7, 9, 6.5, 10.25], "rotation": 180, "texture": "#0"}
			}
		},
		{
			"name": "mx6-4_74",
			"from": [4, 5, 9.875],
			"to": [6, 6, 14.875],
			"rotation": {"angle": 0, "axis": "y", "origin": [8, 9.5, 11.375]},
			"faces": {
				"north": {"uv": [5, 9, 5.5, 9.25], "rotation": 180, "texture": "#0"},
				"east": {"uv": [5.25, 9, 5.5, 10.25], "rotation": 90, "texture": "#0"},
				"south": {"uv": [5, 10, 5.5, 10.25], "texture": "#0"},
				"west": {"uv": [5, 9, 5.25, 10.25], "rotation": 270, "texture": "#0"},
				"up": {"uv": [5, 9, 5.5, 10.25], "texture": "#0"},
				"down": {"uv": [5.5, 9, 5, 10.25], "rotation": 180, "texture": "#0"}
			}
		},
		{
			"name": "mx6-4_73",
			"from": [3, 4, 8.875],
			"to": [13, 7, 9.875],
			"rotation": {"angle": 0, "axis": "y", "origin": [8, 9.5, 11.375]},
			"faces": {
				"north": {"uv": [7.25, 8, 4.75, 8.75], "texture": "#0"},
				"east": {"uv": [7, 8, 7.25, 8.75], "texture": "#0"},
				"south": {"uv": [4.75, 8, 7.25, 8.75], "texture": "#0"},
				"west": {"uv": [4.75, 8, 5, 8.75], "texture": "#0"},
				"up": {"uv": [4.75, 8, 7.25, 8.25], "texture": "#0"},
				"down": {"uv": [4.75, 8.5, 7.25, 8.75], "texture": "#0"}
			}
		},
		{
			"name": "mx6-4_74",
			"from": [4, 13, 9.875],
			"to": [6, 14, 14.875],
			"rotation": {"angle": 0, "axis": "y", "origin": [8, 9.5, 11.375]},
			"faces": {
				"north": {"uv": [5, 9, 5.5, 9.25], "rotation": 180, "texture": "#0"},
				"east": {"uv": [5.25, 9, 5.5, 10.25], "rotation": 90, "texture": "#0"},
				"south": {"uv": [5, 10, 5.5, 10.25], "texture": "#0"},
				"west": {"uv": [5, 9, 5.25, 10.25], "rotation": 270, "texture": "#0"},
				"up": {"uv": [5, 9, 5.5, 10.25], "texture": "#0"},
				"down": {"uv": [5.5, 9, 5, 10.25], "rotation": 180, "texture": "#0"}
			}
		},
		{
			"name": "mx6-4_75",
			"from": [10, 13, 9.875],
			"to": [12, 14, 14.875],
			"rotation": {"angle": 0, "axis": "y", "origin": [8, 9.5, 11.375]},
			"faces": {
				"north": {"uv": [6.5, 9, 7, 9.25], "rotation": 180, "texture": "#0"},
				"east": {"uv": [6.75, 9, 7, 10.25], "rotation": 90, "texture": "#0"},
				"south": {"uv": [6.5, 10, 7, 10.25], "texture": "#0"},
				"west": {"uv": [6.5, 9, 6.75, 10.25], "rotation": 270, "texture": "#0"},
				"up": {"uv": [6.5, 9, 7, 10.25], "texture": "#0"},
				"down": {"uv": [7, 9, 6.5, 10.25], "rotation": 180, "texture": "#0"}
			}
		},
		{
			"name": "mx6-4_76",
			"from": [6, 13, 13.875],
			"to": [10, 14, 15.875],
			"rotation": {"angle": 0, "axis": "y", "origin": [8, 9.5, 11.375]},
			"faces": {
				"north": {"uv": [5.5, 10, 6.5, 10.25], "rotation": 180, "texture": "#0"},
				"east": {"uv": [6.25, 10, 6.5, 10.5], "rotation": 90, "texture": "#0"},
				"south": {"uv": [5.5, 10.25, 6.5, 10.5], "texture": "#0"},
				"west": {"uv": [5.5, 10, 5.75, 10.5], "rotation": 270, "texture": "#0"},
				"up": {"uv": [5.5, 10, 6.5, 10.5], "texture": "#0"},
				"down": {"uv": [6.5, 10, 5.5, 10.5], "rotation": 180, "texture": "#0"}
			}
		},
		{
			"name": "mx6-4_77",
			"from": [5, 13, 14.875],
			"to": [6, 14, 15.875],
			"rotation": {"angle": 0, "axis": "y", "origin": [8, 9.5, 11.375]},
			"faces": {
				"north": {"uv": [5.25, 10.25, 5.5, 10.5], "rotation": 180, "texture": "#0"},
				"east": {"uv": [5.25, 10.25, 5.5, 10.5], "rotation": 90, "texture": "#0"},
				"south": {"uv": [5.25, 10.25, 5.5, 10.5], "texture": "#0"},
				"west": {"uv": [5.25, 10.25, 5.5, 10.5], "rotation": 270, "texture": "#0"},
				"up": {"uv": [5.25, 10.25, 5.5, 10.5], "texture": "#0"},
				"down": {"uv": [5.5, 10.25, 5.25, 10.5], "rotation": 180, "texture": "#0"}
			}
		},
		{
			"name": "mx6-4_78",
			"from": [10, 13, 14.875],
			"to": [11, 14, 15.875],
			"rotation": {"angle": 0, "axis": "y", "origin": [8, 9.5, 11.375]},
			"faces": {
				"north": {"uv": [6.5, 10.25, 6.75, 10.5], "rotation": 180, "texture": "#0"},
				"east": {"uv": [6.5, 10.25, 6.75, 10.5], "rotation": 90, "texture": "#0"},
				"south": {"uv": [6.5, 10.25, 6.75, 10.5], "texture": "#0"},
				"west": {"uv": [6.5, 10.25, 6.75, 10.5], "rotation": 270, "texture": "#0"},
				"up": {"uv": [6.5, 10.25, 6.75, 10.5], "texture": "#0"},
				"down": {"uv": [6.75, 10.25, 6.5, 10.5], "rotation": 180, "texture": "#0"}
			}
		}
	],
	"gui_light": "front",
	"overrides": [
		{"predicate": {"blocking": 1}, "model": "tfc:item/metal/shield/black_steel_blocking"}
	],
	"display": {
		"thirdperson_righthand": {
			"rotation": [90, -90, 0],
			"translation": [3.3, -1.9, 3]
		},
		"thirdperson_lefthand": {
			"rotation": [90, -90, 0],
			"translation": [3.3, -1.9, 3]
		},
		"firstperson_righthand": {
			"rotation": [0, -75, 15],
			"translation": [4, -3, 0]
		},
		"firstperson_lefthand": {
			"rotation": [0, -75, 15],
			"translation": [4, -3, 0]
		},
		"ground": {
			"translation": [0, 2, 0],
			"scale": [0.5, 0.5, 0.5]
		},
		"gui": {
			"rotation": [-180, 1.5, -180],
			"translation": [0, -1, 0],
			"scale": [0.65, 0.65, 1]
		},
		"fixed": {
			"translation": [0, -0.75, 0],
			"scale": [0.6582, 0.6582, 0.6582]
		}
	},
	"groups": [
		{
			"name": "mx6-4",
			"origin": [8, 8, 8],
			"color": 0,
			"children": [
				0,
				1,
				2,
				3,
				4,
				5,
				6,
				7,
				8,
				9,
				10,
				11,
				12,
				13,
				14,
				15,
				16,
				17,
				18,
				19,
				20,
				21,
				22,
				23,
				24,
				25,
				26,
				27,
				28,
				29,
				30,
				31,
				32,
				33,
				34,
				35,
				36,
				37,
				38,
				39,
				40,
				41,
				42,
				43,
				44,
				45,
				46,
				47,
				48,
				49,
				50,
				51,
				52,
				53,
				54,
				55,
				56,
				57,
				58,
				59,
				60,
				61,
				62,
				63,
				64,
				65,
				66
			]
		}
	]
}