{
	"credit": "Made with Blockbench",
	"textures": {
		"1": "tfc:item/metal/shield/blue-steel1",
		"2": "tfc:item/metal/shield/blue-steel2"
	},
	"elements": [
		{
			"name": "mx5_0",
			"from": [5, 16.8125, 5.625],
			"to": [9, 18.8125, 6.625],
			"rotation": {"angle": 0, "axis": "y", "origin": [7, 7.0625, 6.625]},
			"faces": {
				"north": {"uv": [2.5, 0, 1.5, 0.5], "texture": "#1"},
				"east": {"uv": [2.25, 0, 2.5, 0.5], "texture": "#1"},
				"south": {"uv": [1.5, 0, 2.5, 0.5], "texture": "#1"},
				"west": {"uv": [1.5, 0, 1.75, 0.5], "texture": "#1"},
				"up": {"uv": [1.5, 0, 2.5, 0.25], "texture": "#1"},
				"down": {"uv": [1.5, 0.25, 2.5, 0.5], "texture": "#1"}
			}
		},
		{
			"name": "mx5_1",
			"from": [5, -3.1875, 6.125],
			"to": [9, 18.8125, 7.125],
			"rotation": {"angle": 0, "axis": "y", "origin": [7, 7.0625, 6.625]},
			"faces": {
				"north": {"uv": [6.75, 0, 5.75, 5.5], "texture": "#1"},
				"east": {"uv": [6.5, 0, 6.75, 5.5], "texture": "#1"},
				"south": {"uv": [5.75, 0, 6.75, 5.5], "texture": "#1"},
				"west": {"uv": [5.75, 0, 6, 5.5], "texture": "#1"},
				"up": {"uv": [5.75, 0, 6.75, 0.25], "texture": "#1"},
				"down": {"uv": [5.75, 5.25, 6.75, 5.5], "texture": "#1"}
			}
		},
		{
			"name": "mx5_2",
			"from": [5, -3.1875, 7.125],
			"to": [9, 18.8125, 7.125],
			"rotation": {"angle": 0, "axis": "y", "origin": [7, 7.0625, 6.625]},
			"faces": {
				"north": {"uv": [11, 0, 10, 5.5], "texture": "#1"},
				"east": {"uv": [10.75, 0, 11, 5.5], "texture": "#1"},
				"south": {"uv": [10, 0, 11, 5.5], "texture": "#1"},
				"west": {"uv": [10, 0, 10.25, 5.5], "texture": "#1"},
				"up": {"uv": [10, 0, 11, 0.25], "texture": "#1"},
				"down": {"uv": [10, 5.25, 11, 5.5], "texture": "#1"}
			}
		},
		{
			"name": "mx5_3",
			"from": [2, 15.8125, 5.625],
			"to": [5, 17.8125, 6.625],
			"rotation": {"angle": 0, "axis": "y", "origin": [7, 7.0625, 6.625]},
			"faces": {
				"north": {"uv": [1.5, 0.25, 0.75, 0.75], "texture": "#1"},
				"east": {"uv": [1.25, 0.25, 1.5, 0.75], "texture": "#1"},
				"south": {"uv": [0.75, 0.25, 1.5, 0.75], "texture": "#1"},
				"west": {"uv": [0.75, 0.25, 1, 0.75], "texture": "#1"},
				"up": {"uv": [0.75, 0.25, 1.5, 0.5], "texture": "#1"},
				"down": {"uv": [0.75, 0.5, 1.5, 0.75], "texture": "#1"}
			}
		},
		{
			"name": "mx5_4",
			"from": [9, 15.8125, 5.625],
			"to": [12, 17.8125, 6.625],
			"rotation": {"angle": 0, "axis": "y", "origin": [7, 7.0625, 6.625]},
			"faces": {
				"north": {"uv": [3.25, 0.25, 2.5, 0.75], "texture": "#1"},
				"east": {"uv": [3, 0.25, 3.25, 0.75], "texture": "#1"},
				"south": {"uv": [2.5, 0.25, 3.25, 0.75], "texture": "#1"},
				"west": {"uv": [2.5, 0.25, 2.75, 0.75], "texture": "#1"},
				"up": {"uv": [2.5, 0.25, 3.25, 0.5], "texture": "#1"},
				"down": {"uv": [2.5, 0.5, 3.25, 0.75], "texture": "#1"}
			}
		},
		{
			"name": "mx5_5",
			"from": [13, 5.8125, 5.625],
			"to": [15, 17.8125, 6.625],
			"rotation": {"angle": 0, "axis": "y", "origin": [7, 7.0625, 6.625]},
			"faces": {
				"north": {"uv": [4, 0.25, 3.5, 3.25], "texture": "#1"},
				"east": {"uv": [3.75, 0.25, 4, 3.25], "texture": "#1"},
				"south": {"uv": [3.5, 0.25, 4, 3.25], "texture": "#1"},
				"west": {"uv": [3.5, 0.25, 3.75, 3.25], "texture": "#1"},
				"up": {"uv": [3.5, 0.25, 4, 0.5], "texture": "#1"},
				"down": {"uv": [3.5, 3, 4, 3.25], "texture": "#1"}
			}
		},
		{
			"name": "mx5_6",
			"from": [2, -0.1875, 6.125],
			"to": [5, 17.8125, 7.125],
			"rotation": {"angle": 0, "axis": "y", "origin": [7, 7.0625, 6.625]},
			"faces": {
				"north": {"uv": [5.75, 0.25, 5, 4.75], "texture": "#1"},
				"east": {"uv": [5.5, 0.25, 5.75, 4.75], "texture": "#1"},
				"south": {"uv": [5, 0.25, 5.75, 4.75], "texture": "#1"},
				"west": {"uv": [5, 0.25, 5.25, 4.75], "texture": "#1"},
				"up": {"uv": [5, 0.25, 5.75, 0.5], "texture": "#1"},
				"down": {"uv": [5, 4.5, 5.75, 4.75], "texture": "#1"}
			}
		},
		{
			"name": "mx5_7",
			"from": [9, -0.1875, 6.125],
			"to": [12, 17.8125, 7.125],
			"rotation": {"angle": 0, "axis": "y", "origin": [7, 7.0625, 6.625]},
			"faces": {
				"north": {"uv": [7.5, 0.25, 6.75, 4.75], "texture": "#1"},
				"east": {"uv": [7.25, 0.25, 7.5, 4.75], "texture": "#1"},
				"south": {"uv": [6.75, 0.25, 7.5, 4.75], "texture": "#1"},
				"west": {"uv": [6.75, 0.25, 7, 4.75], "texture": "#1"},
				"up": {"uv": [6.75, 0.25, 7.5, 0.5], "texture": "#1"},
				"down": {"uv": [6.75, 4.5, 7.5, 4.75], "texture": "#1"}
			}
		},
		{
			"name": "mx5_8",
			"from": [13, 5.8125, 6.125],
			"to": [15, 17.8125, 7.125],
			"rotation": {"angle": 0, "axis": "y", "origin": [7, 7.0625, 6.625]},
			"faces": {
				"north": {"uv": [8.25, 0.25, 7.75, 3.25], "texture": "#1"},
				"east": {"uv": [8, 0.25, 8.25, 3.25], "texture": "#1"},
				"south": {"uv": [7.75, 0.25, 8.25, 3.25], "texture": "#1"},
				"west": {"uv": [7.75, 0.25, 8, 3.25], "texture": "#1"},
				"up": {"uv": [7.75, 0.25, 8.25, 0.5], "texture": "#1"},
				"down": {"uv": [7.75, 3, 8.25, 3.25], "texture": "#1"}
			}
		},
		{
			"name": "mx5_9",
			"from": [2, -0.1875, 7.125],
			"to": [5, 17.8125, 7.125],
			"rotation": {"angle": 0, "axis": "y", "origin": [7, 7.0625, 6.625]},
			"faces": {
				"north": {"uv": [10, 0.25, 9.25, 4.75], "texture": "#1"},
				"east": {"uv": [9.75, 0.25, 10, 4.75], "texture": "#1"},
				"south": {"uv": [9.25, 0.25, 10, 4.75], "texture": "#1"},
				"west": {"uv": [9.25, 0.25, 9.5, 4.75], "texture": "#1"},
				"up": {"uv": [9.25, 0.25, 10, 0.5], "texture": "#1"},
				"down": {"uv": [9.25, 4.5, 10, 4.75], "texture": "#1"}
			}
		},
		{
			"name": "mx5_10",
			"from": [9, -0.1875, 7.125],
			"to": [12, 17.8125, 7.125],
			"rotation": {"angle": 0, "axis": "y", "origin": [7, 7.0625, 6.625]},
			"faces": {
				"north": {"uv": [11.75, 0.25, 11, 4.75], "texture": "#1"},
				"east": {"uv": [11.5, 0.25, 11.75, 4.75], "texture": "#1"},
				"south": {"uv": [11, 0.25, 11.75, 4.75], "texture": "#1"},
				"west": {"uv": [11, 0.25, 11.25, 4.75], "texture": "#1"},
				"up": {"uv": [11, 0.25, 11.75, 0.5], "texture": "#1"},
				"down": {"uv": [11, 4.5, 11.75, 4.75], "texture": "#1"}
			}
		},
		{
			"name": "mx5_11",
			"from": [13, 5.8125, 7.125],
			"to": [15, 17.8125, 7.125],
			"rotation": {"angle": 0, "axis": "y", "origin": [7, 7.0625, 6.625]},
			"faces": {
				"north": {"uv": [12.5, 0.25, 12, 3.25], "texture": "#1"},
				"east": {"uv": [12.25, 0.25, 12.5, 3.25], "texture": "#1"},
				"south": {"uv": [12, 0.25, 12.5, 3.25], "texture": "#1"},
				"west": {"uv": [12, 0.25, 12.25, 3.25], "texture": "#1"},
				"up": {"uv": [12, 0.25, 12.5, 0.5], "texture": "#1"},
				"down": {"uv": [12, 3, 12.5, 3.25], "texture": "#1"}
			}
		},
		{
			"name": "mx5_12",
			"from": [-1, 14.8125, 5.625],
			"to": [2, 16.8125, 6.625],
			"rotation": {"angle": 0, "axis": "y", "origin": [7, 7.0625, 6.625]},
			"faces": {
				"north": {"uv": [0.75, 0.5, 0, 1], "texture": "#1"},
				"east": {"uv": [0.5, 0.5, 0.75, 1], "texture": "#1"},
				"south": {"uv": [0, 0.5, 0.75, 1], "texture": "#1"},
				"west": {"uv": [0, 0.5, 0.25, 1], "texture": "#1"},
				"up": {"uv": [0, 0.5, 0.75, 0.75], "texture": "#1"},
				"down": {"uv": [0, 0.75, 0.75, 1], "texture": "#1"}
			}
		},
		{
			"name": "mx5_13",
			"from": [5, 15.8125, 5.625],
			"to": [6, 16.8125, 6.625],
			"rotation": {"angle": 0, "axis": "y", "origin": [7, 7.0625, 6.625]},
			"faces": {
				"north": {"uv": [1.75, 0.5, 1.5, 0.75], "texture": "#1"},
				"east": {"uv": [1.5, 0.5, 1.75, 0.75], "texture": "#1"},
				"south": {"uv": [1.5, 0.5, 1.75, 0.75], "texture": "#1"},
				"west": {"uv": [1.5, 0.5, 1.75, 0.75], "texture": "#1"},
				"up": {"uv": [1.5, 0.5, 1.75, 0.75], "texture": "#1"},
				"down": {"uv": [1.5, 0.5, 1.75, 0.75], "texture": "#1"}
			}
		},
		{
			"name": "mx5_14",
			"from": [8, 15.8125, 5.625],
			"to": [9, 16.8125, 6.625],
			"rotation": {"angle": 0, "axis": "y", "origin": [7, 7.0625, 6.625]},
			"faces": {
				"north": {"uv": [2.5, 0.5, 2.25, 0.75], "texture": "#1"},
				"east": {"uv": [2.25, 0.5, 2.5, 0.75], "texture": "#1"},
				"south": {"uv": [2.25, 0.5, 2.5, 0.75], "texture": "#1"},
				"west": {"uv": [2.25, 0.5, 2.5, 0.75], "texture": "#1"},
				"up": {"uv": [2.25, 0.5, 2.5, 0.75], "texture": "#1"},
				"down": {"uv": [2.25, 0.5, 2.5, 0.75], "texture": "#1"}
			}
		},
		{
			"name": "mx5_15",
			"from": [12, 10.8125, 5.625],
			"to": [13, 16.8125, 6.625],
			"rotation": {"angle": 0, "axis": "y", "origin": [7, 7.0625, 6.625]},
			"faces": {
				"north": {"uv": [3.5, 0.5, 3.25, 2], "texture": "#1"},
				"east": {"uv": [3.25, 0.5, 3.5, 2], "texture": "#1"},
				"south": {"uv": [3.25, 0.5, 3.5, 2], "texture": "#1"},
				"west": {"uv": [3.25, 0.5, 3.5, 2], "texture": "#1"},
				"up": {"uv": [3.25, 0.5, 3.5, 0.75], "texture": "#1"},
				"down": {"uv": [3.25, 1.75, 3.5, 2], "texture": "#1"}
			}
		},
		{
			"name": "mx5_16",
			"from": [-1, 5.8125, 6.125],
			"to": [2, 16.8125, 7.125],
			"rotation": {"angle": 0, "axis": "y", "origin": [7, 7.0625, 6.625]},
			"faces": {
				"north": {"uv": [5, 0.5, 4.25, 3.25], "texture": "#1"},
				"east": {"uv": [4.75, 0.5, 5, 3.25], "texture": "#1"},
				"south": {"uv": [4.25, 0.5, 5, 3.25], "texture": "#1"},
				"west": {"uv": [4.25, 0.5, 4.5, 3.25], "texture": "#1"},
				"up": {"uv": [4.25, 0.5, 5, 0.75], "texture": "#1"},
				"down": {"uv": [4.25, 3, 5, 3.25], "texture": "#1"}
			}
		},
		{
			"name": "mx5_17",
			"from": [12, 0.8125, 6.125],
			"to": [13, 16.8125, 7.125],
			"rotation": {"angle": 0, "axis": "y", "origin": [7, 7.0625, 6.625]},
			"faces": {
				"north": {"uv": [7.75, 0.5, 7.5, 4.5], "texture": "#1"},
				"east": {"uv": [7.5, 0.5, 7.75, 4.5], "texture": "#1"},
				"south": {"uv": [7.5, 0.5, 7.75, 4.5], "texture": "#1"},
				"west": {"uv": [7.5, 0.5, 7.75, 4.5], "texture": "#1"},
				"up": {"uv": [7.5, 0.5, 7.75, 0.75], "texture": "#1"},
				"down": {"uv": [7.5, 4.25, 7.75, 4.5], "texture": "#1"}
			}
		},
		{
			"name": "mx5_18",
			"from": [-1, 5.8125, 7.125],
			"to": [2, 16.8125, 7.125],
			"rotation": {"angle": 0, "axis": "y", "origin": [7, 7.0625, 6.625]},
			"faces": {
				"north": {"uv": [9.25, 0.5, 8.5, 3.25], "texture": "#1"},
				"east": {"uv": [9, 0.5, 9.25, 3.25], "texture": "#1"},
				"south": {"uv": [8.5, 0.5, 9.25, 3.25], "texture": "#1"},
				"west": {"uv": [8.5, 0.5, 8.75, 3.25], "texture": "#1"},
				"up": {"uv": [8.5, 0.5, 9.25, 0.75], "texture": "#1"},
				"down": {"uv": [8.5, 3, 9.25, 3.25], "texture": "#1"}
			}
		},
		{
			"name": "mx5_19",
			"from": [12, 0.8125, 7.125],
			"to": [13, 16.8125, 7.125],
			"rotation": {"angle": 0, "axis": "y", "origin": [7, 7.0625, 6.625]},
			"faces": {
				"north": {"uv": [12, 0.5, 11.75, 4.5], "texture": "#1"},
				"east": {"uv": [11.75, 0.5, 12, 4.5], "texture": "#1"},
				"south": {"uv": [11.75, 0.5, 12, 4.5], "texture": "#1"},
				"west": {"uv": [11.75, 0.5, 12, 4.5], "texture": "#1"},
				"up": {"uv": [11.75, 0.5, 12, 0.75], "texture": "#1"},
				"down": {"uv": [11.75, 4.25, 12, 4.5], "texture": "#1"}
			}
		},
		{
			"name": "mx5_20",
			"from": [2, 14.8125, 5.625],
			"to": [4, 15.8125, 6.625],
			"rotation": {"angle": 0, "axis": "y", "origin": [7, 7.0625, 6.625]},
			"faces": {
				"north": {"uv": [1.25, 0.75, 0.75, 1], "texture": "#1"},
				"east": {"uv": [1, 0.75, 1.25, 1], "texture": "#1"},
				"south": {"uv": [0.75, 0.75, 1.25, 1], "texture": "#1"},
				"west": {"uv": [0.75, 0.75, 1, 1], "texture": "#1"},
				"up": {"uv": [0.75, 0.75, 1.25, 1], "texture": "#1"},
				"down": {"uv": [0.75, 0.75, 1.25, 1], "texture": "#1"}
			}
		},
		{
			"name": "mx5_21",
			"from": [10, 14.8125, 5.625],
			"to": [12, 15.8125, 6.625],
			"rotation": {"angle": 0, "axis": "y", "origin": [7, 7.0625, 6.625]},
			"faces": {
				"north": {"uv": [3.25, 0.75, 2.75, 1], "texture": "#1"},
				"east": {"uv": [3, 0.75, 3.25, 1], "texture": "#1"},
				"south": {"uv": [2.75, 0.75, 3.25, 1], "texture": "#1"},
				"west": {"uv": [2.75, 0.75, 3, 1], "texture": "#1"},
				"up": {"uv": [2.75, 0.75, 3.25, 1], "texture": "#1"},
				"down": {"uv": [2.75, 0.75, 3.25, 1], "texture": "#1"}
			}
		},
		{
			"name": "mx5_22",
			"from": [-1, 5.8125, 5.625],
			"to": [1, 14.8125, 6.625],
			"rotation": {"angle": 0, "axis": "y", "origin": [7, 7.0625, 6.625]},
			"faces": {
				"north": {"uv": [0.5, 1, 0, 3.25], "texture": "#1"},
				"east": {"uv": [0.25, 1, 0.5, 3.25], "texture": "#1"},
				"south": {"uv": [0, 1, 0.5, 3.25], "texture": "#1"},
				"west": {"uv": [0, 1, 0.25, 3.25], "texture": "#1"},
				"up": {"uv": [0, 1, 0.5, 1.25], "texture": "#1"},
				"down": {"uv": [0, 3, 0.5, 3.25], "texture": "#1"}
			}
		},
		{
			"name": "mx5_23",
			"from": [11, 7.8125, 5.625],
			"to": [12, 14.8125, 6.625],
			"rotation": {"angle": 0, "axis": "y", "origin": [7, 7.0625, 6.625]},
			"faces": {
				"north": {"uv": [3.25, 1, 3, 2.75], "texture": "#1"},
				"east": {"uv": [3, 1, 3.25, 2.75], "texture": "#1"},
				"south": {"uv": [3, 1, 3.25, 2.75], "texture": "#1"},
				"west": {"uv": [3, 1, 3.25, 2.75], "texture": "#1"},
				"up": {"uv": [3, 1, 3.25, 1.25], "texture": "#1"},
				"down": {"uv": [3, 2.5, 3.25, 2.75], "texture": "#1"}
			}
		},
		{
			"name": "mx5_24",
			"from": [10, 7.8125, 5.625],
			"to": [11, 13.8125, 6.625],
			"rotation": {"angle": 0, "axis": "y", "origin": [7, 7.0625, 6.625]},
			"faces": {
				"north": {"uv": [3, 1.25, 2.75, 2.75], "texture": "#1"},
				"east": {"uv": [2.75, 1.25, 3, 2.75], "texture": "#1"},
				"south": {"uv": [2.75, 1.25, 3, 2.75], "texture": "#1"},
				"west": {"uv": [2.75, 1.25, 3, 2.75], "texture": "#1"},
				"up": {"uv": [2.75, 1.25, 3, 1.5], "texture": "#1"},
				"down": {"uv": [2.75, 2.5, 3, 2.75], "texture": "#1"}
			}
		},
		{
			"name": "mx5_25",
			"from": [7, 7.8125, 5.625],
			"to": [10, 12.8125, 6.625],
			"rotation": {"angle": 0, "axis": "y", "origin": [7, 7.0625, 6.625]},
			"faces": {
				"north": {"uv": [2.75, 1.5, 2, 2.75], "texture": "#1"},
				"east": {"uv": [2.5, 1.5, 2.75, 2.75], "texture": "#1"},
				"south": {"uv": [2, 1.5, 2.75, 2.75], "texture": "#1"},
				"west": {"uv": [2, 1.5, 2.25, 2.75], "texture": "#1"},
				"up": {"uv": [2, 1.5, 2.75, 1.75], "texture": "#1"},
				"down": {"uv": [2, 2.5, 2.75, 2.75], "texture": "#1"}
			}
		},
		{
			"name": "mx5_26",
			"from": [4, 5.8125, 5.625],
			"to": [7, 11.8125, 6.625],
			"rotation": {"angle": 0, "axis": "y", "origin": [7, 7.0625, 6.625]},
			"faces": {
				"north": {"uv": [2, 1.75, 1.25, 3.25], "texture": "#1"},
				"east": {"uv": [1.75, 1.75, 2, 3.25], "texture": "#1"},
				"south": {"uv": [1.25, 1.75, 2, 3.25], "texture": "#1"},
				"west": {"uv": [1.25, 1.75, 1.5, 3.25], "texture": "#1"},
				"up": {"uv": [1.25, 1.75, 2, 2], "texture": "#1"},
				"down": {"uv": [1.25, 3, 2, 3.25], "texture": "#1"}
			}
		},
		{
			"name": "mx5_27",
			"from": [3, 4.8125, 5.625],
			"to": [4, 10.8125, 6.625],
			"rotation": {"angle": 0, "axis": "y", "origin": [7, 7.0625, 6.625]},
			"faces": {
				"north": {"uv": [1.25, 2, 1, 3.5], "texture": "#1"},
				"east": {"uv": [1, 2, 1.25, 3.5], "texture": "#1"},
				"south": {"uv": [1, 2, 1.25, 3.5], "texture": "#1"},
				"west": {"uv": [1, 2, 1.25, 3.5], "texture": "#1"},
				"up": {"uv": [1, 2, 1.25, 2.25], "texture": "#1"},
				"down": {"uv": [1, 3.25, 1.25, 3.5], "texture": "#1"}
			}
		},
		{
			"name": "mx5_28",
			"from": [2, -0.1875, 5.625],
			"to": [3, 8.8125, 6.625],
			"rotation": {"angle": 0, "axis": "y", "origin": [7, 7.0625, 6.625]},
			"faces": {
				"north": {"uv": [1, 2.5, 0.75, 4.75], "texture": "#1"},
				"east": {"uv": [0.75, 2.5, 1, 4.75], "texture": "#1"},
				"south": {"uv": [0.75, 2.5, 1, 4.75], "texture": "#1"},
				"west": {"uv": [0.75, 2.5, 1, 4.75], "texture": "#1"},
				"up": {"uv": [0.75, 2.5, 1, 2.75], "texture": "#1"},
				"down": {"uv": [0.75, 4.5, 1, 4.75], "texture": "#1"}
			}
		},
		{
			"name": "mx5_29",
			"from": [12, 0.8125, 5.625],
			"to": [13, 8.8125, 6.625],
			"rotation": {"angle": 0, "axis": "y", "origin": [7, 7.0625, 6.625]},
			"faces": {
				"north": {"uv": [3.5, 2.5, 3.25, 4.5], "texture": "#1"},
				"east": {"uv": [3.25, 2.5, 3.5, 4.5], "texture": "#1"},
				"south": {"uv": [3.25, 2.5, 3.5, 4.5], "texture": "#1"},
				"west": {"uv": [3.25, 2.5, 3.5, 4.5], "texture": "#1"},
				"up": {"uv": [3.25, 2.5, 3.5, 2.75], "texture": "#1"},
				"down": {"uv": [3.25, 4.25, 3.5, 4.5], "texture": "#1"}
			}
		},
		{
			"name": "mx5_30",
			"from": [1, 0.8125, 5.625],
			"to": [2, 7.8125, 6.625],
			"rotation": {"angle": 0, "axis": "y", "origin": [7, 7.0625, 6.625]},
			"faces": {
				"north": {"uv": [0.75, 2.75, 0.5, 4.5], "texture": "#1"},
				"east": {"uv": [0.5, 2.75, 0.75, 4.5], "texture": "#1"},
				"south": {"uv": [0.5, 2.75, 0.75, 4.5], "texture": "#1"},
				"west": {"uv": [0.5, 2.75, 0.75, 4.5], "texture": "#1"},
				"up": {"uv": [0.5, 2.75, 0.75, 3], "texture": "#1"},
				"down": {"uv": [0.5, 4.25, 0.75, 4.5], "texture": "#1"}
			}
		},
		{
			"name": "mx5_31",
			"from": [7, 6.8125, 5.625],
			"to": [9, 7.8125, 6.625],
			"rotation": {"angle": 0, "axis": "y", "origin": [7, 7.0625, 6.625]},
			"faces": {
				"north": {"uv": [2.5, 2.75, 2, 3], "texture": "#1"},
				"east": {"uv": [2.25, 2.75, 2.5, 3], "texture": "#1"},
				"south": {"uv": [2, 2.75, 2.5, 3], "texture": "#1"},
				"west": {"uv": [2, 2.75, 2.25, 3], "texture": "#1"},
				"up": {"uv": [2, 2.75, 2.5, 3], "texture": "#1"},
				"down": {"uv": [2, 2.75, 2.5, 3], "texture": "#1"}
			}
		},
		{
			"name": "mx5_32",
			"from": [8, 5.8125, 5.625],
			"to": [10, 6.8125, 6.625],
			"rotation": {"angle": 0, "axis": "y", "origin": [7, 7.0625, 6.625]},
			"faces": {
				"north": {"uv": [2.75, 3, 2.25, 3.25], "texture": "#1"},
				"east": {"uv": [2.5, 3, 2.75, 3.25], "texture": "#1"},
				"south": {"uv": [2.25, 3, 2.75, 3.25], "texture": "#1"},
				"west": {"uv": [2.25, 3, 2.5, 3.25], "texture": "#1"},
				"up": {"uv": [2.25, 3, 2.75, 3.25], "texture": "#1"},
				"down": {"uv": [2.25, 3, 2.75, 3.25], "texture": "#1"}
			}
		},
		{
			"name": "mx5_33",
			"from": [0, 2.8125, 5.625],
			"to": [1, 5.8125, 6.625],
			"rotation": {"angle": 0, "axis": "y", "origin": [7, 7.0625, 6.625]},
			"faces": {
				"north": {"uv": [0.5, 3.25, 0.25, 4], "texture": "#1"},
				"east": {"uv": [0.25, 3.25, 0.5, 4], "texture": "#1"},
				"south": {"uv": [0.25, 3.25, 0.5, 4], "texture": "#1"},
				"west": {"uv": [0.25, 3.25, 0.5, 4], "texture": "#1"},
				"up": {"uv": [0.25, 3.25, 0.5, 3.5], "texture": "#1"},
				"down": {"uv": [0.25, 3.75, 0.5, 4], "texture": "#1"}
			}
		},
		{
			"name": "mx5_34",
			"from": [4, 3.8125, 5.625],
			"to": [5, 5.8125, 6.625],
			"rotation": {"angle": 0, "axis": "y", "origin": [7, 7.0625, 6.625]},
			"faces": {
				"north": {"uv": [1.5, 3.25, 1.25, 3.75], "texture": "#1"},
				"east": {"uv": [1.25, 3.25, 1.5, 3.75], "texture": "#1"},
				"south": {"uv": [1.25, 3.25, 1.5, 3.75], "texture": "#1"},
				"west": {"uv": [1.25, 3.25, 1.5, 3.75], "texture": "#1"},
				"up": {"uv": [1.25, 3.25, 1.5, 3.5], "texture": "#1"},
				"down": {"uv": [1.25, 3.5, 1.5, 3.75], "texture": "#1"}
			}
		},
		{
			"name": "mx5_35",
			"from": [6, 4.8125, 5.625],
			"to": [8, 5.8125, 6.625],
			"rotation": {"angle": 0, "axis": "y", "origin": [7, 7.0625, 6.625]},
			"faces": {
				"north": {"uv": [2.25, 3.25, 1.75, 3.5], "texture": "#1"},
				"east": {"uv": [2, 3.25, 2.25, 3.5], "texture": "#1"},
				"south": {"uv": [1.75, 3.25, 2.25, 3.5], "texture": "#1"},
				"west": {"uv": [1.75, 3.25, 2, 3.5], "texture": "#1"},
				"up": {"uv": [1.75, 3.25, 2.25, 3.5], "texture": "#1"},
				"down": {"uv": [1.75, 3.25, 2.25, 3.5], "texture": "#1"}
			}
		},
		{
			"name": "mx5_36",
			"from": [9, 4.8125, 5.625],
			"to": [11, 5.8125, 6.625],
			"rotation": {"angle": 0, "axis": "y", "origin": [7, 7.0625, 6.625]},
			"faces": {
				"north": {"uv": [3, 3.25, 2.5, 3.5], "texture": "#1"},
				"east": {"uv": [2.75, 3.25, 3, 3.5], "texture": "#1"},
				"south": {"uv": [2.5, 3.25, 3, 3.5], "texture": "#1"},
				"west": {"uv": [2.5, 3.25, 2.75, 3.5], "texture": "#1"},
				"up": {"uv": [2.5, 3.25, 3, 3.5], "texture": "#1"},
				"down": {"uv": [2.5, 3.25, 3, 3.5], "texture": "#1"}
			}
		},
		{
			"name": "mx5_37",
			"from": [13, 2.8125, 5.625],
			"to": [14, 5.8125, 6.625],
			"rotation": {"angle": 0, "axis": "y", "origin": [7, 7.0625, 6.625]},
			"faces": {
				"north": {"uv": [3.75, 3.25, 3.5, 4], "texture": "#1"},
				"east": {"uv": [3.5, 3.25, 3.75, 4], "texture": "#1"},
				"south": {"uv": [3.5, 3.25, 3.75, 4], "texture": "#1"},
				"west": {"uv": [3.5, 3.25, 3.75, 4], "texture": "#1"},
				"up": {"uv": [3.5, 3.25, 3.75, 3.5], "texture": "#1"},
				"down": {"uv": [3.5, 3.75, 3.75, 4], "texture": "#1"}
			}
		},
		{
			"name": "mx5_38",
			"from": [0, 2.8125, 6.125],
			"to": [2, 5.8125, 7.125],
			"rotation": {"angle": 0, "axis": "y", "origin": [7, 7.0625, 6.625]},
			"faces": {
				"north": {"uv": [5, 3.25, 4.5, 4], "texture": "#1"},
				"east": {"uv": [4.75, 3.25, 5, 4], "texture": "#1"},
				"south": {"uv": [4.5, 3.25, 5, 4], "texture": "#1"},
				"west": {"uv": [4.5, 3.25, 4.75, 4], "texture": "#1"},
				"up": {"uv": [4.5, 3.25, 5, 3.5], "texture": "#1"},
				"down": {"uv": [4.5, 3.75, 5, 4], "texture": "#1"}
			}
		},
		{
			"name": "mx5_39",
			"from": [13, 2.8125, 6.125],
			"to": [14, 5.8125, 7.125],
			"rotation": {"angle": 0, "axis": "y", "origin": [7, 7.0625, 6.625]},
			"faces": {
				"north": {"uv": [8, 3.25, 7.75, 4], "texture": "#1"},
				"east": {"uv": [7.75, 3.25, 8, 4], "texture": "#1"},
				"south": {"uv": [7.75, 3.25, 8, 4], "texture": "#1"},
				"west": {"uv": [7.75, 3.25, 8, 4], "texture": "#1"},
				"up": {"uv": [7.75, 3.25, 8, 3.5], "texture": "#1"},
				"down": {"uv": [7.75, 3.75, 8, 4], "texture": "#1"}
			}
		},
		{
			"name": "mx5_40",
			"from": [0, 2.8125, 7.125],
			"to": [2, 5.8125, 7.125],
			"rotation": {"angle": 0, "axis": "y", "origin": [7, 7.0625, 6.625]},
			"faces": {
				"north": {"uv": [9.25, 3.25, 8.75, 4], "texture": "#1"},
				"east": {"uv": [9, 3.25, 9.25, 4], "texture": "#1"},
				"south": {"uv": [8.75, 3.25, 9.25, 4], "texture": "#1"},
				"west": {"uv": [8.75, 3.25, 9, 4], "texture": "#1"},
				"up": {"uv": [8.75, 3.25, 9.25, 3.5], "texture": "#1"},
				"down": {"uv": [8.75, 3.75, 9.25, 4], "texture": "#1"}
			}
		},
		{
			"name": "mx5_41",
			"from": [13, 2.8125, 7.125],
			"to": [14, 5.8125, 7.125],
			"rotation": {"angle": 0, "axis": "y", "origin": [7, 7.0625, 6.625]},
			"faces": {
				"north": {"uv": [12.25, 3.25, 12, 4], "texture": "#1"},
				"east": {"uv": [12, 3.25, 12.25, 4], "texture": "#1"},
				"south": {"uv": [12, 3.25, 12.25, 4], "texture": "#1"},
				"west": {"uv": [12, 3.25, 12.25, 4], "texture": "#1"},
				"up": {"uv": [12, 3.25, 12.25, 3.5], "texture": "#1"},
				"down": {"uv": [12, 3.75, 12.25, 4], "texture": "#1"}
			}
		},
		{
			"name": "mx5_42",
			"from": [5, 2.8125, 5.625],
			"to": [6, 4.8125, 6.625],
			"rotation": {"angle": 0, "axis": "y", "origin": [7, 7.0625, 6.625]},
			"faces": {
				"north": {"uv": [1.75, 3.5, 1.5, 4], "texture": "#1"},
				"east": {"uv": [1.5, 3.5, 1.75, 4], "texture": "#1"},
				"south": {"uv": [1.5, 3.5, 1.75, 4], "texture": "#1"},
				"west": {"uv": [1.5, 3.5, 1.75, 4], "texture": "#1"},
				"up": {"uv": [1.5, 3.5, 1.75, 3.75], "texture": "#1"},
				"down": {"uv": [1.5, 3.75, 1.75, 4], "texture": "#1"}
			}
		},
		{
			"name": "mx5_43",
			"from": [7, 3.8125, 5.625],
			"to": [8, 4.8125, 6.625],
			"rotation": {"angle": 0, "axis": "y", "origin": [7, 7.0625, 6.625]},
			"faces": {
				"north": {"uv": [2.25, 3.5, 2, 3.75], "texture": "#1"},
				"east": {"uv": [2, 3.5, 2.25, 3.75], "texture": "#1"},
				"south": {"uv": [2, 3.5, 2.25, 3.75], "texture": "#1"},
				"west": {"uv": [2, 3.5, 2.25, 3.75], "texture": "#1"},
				"up": {"uv": [2, 3.5, 2.25, 3.75], "texture": "#1"},
				"down": {"uv": [2, 3.5, 2.25, 3.75], "texture": "#1"}
			}
		},
		{
			"name": "mx5_44",
			"from": [11, -0.1875, 5.625],
			"to": [12, 3.8125, 6.625],
			"rotation": {"angle": 0, "axis": "y", "origin": [7, 7.0625, 6.625]},
			"faces": {
				"north": {"uv": [3.25, 3.75, 3, 4.75], "texture": "#1"},
				"east": {"uv": [3, 3.75, 3.25, 4.75], "texture": "#1"},
				"south": {"uv": [3, 3.75, 3.25, 4.75], "texture": "#1"},
				"west": {"uv": [3, 3.75, 3.25, 4.75], "texture": "#1"},
				"up": {"uv": [3, 3.75, 3.25, 4], "texture": "#1"},
				"down": {"uv": [3, 4.5, 3.25, 4.75], "texture": "#1"}
			}
		},
		{
			"name": "mx5_45",
			"from": [1, 0.8125, 6.125],
			"to": [2, 2.8125, 7.125],
			"rotation": {"angle": 0, "axis": "y", "origin": [7, 7.0625, 6.625]},
			"faces": {
				"north": {"uv": [5, 4, 4.75, 4.5], "texture": "#1"},
				"east": {"uv": [4.75, 4, 5, 4.5], "texture": "#1"},
				"south": {"uv": [4.75, 4, 5, 4.5], "texture": "#1"},
				"west": {"uv": [4.75, 4, 5, 4.5], "texture": "#1"},
				"up": {"uv": [4.75, 4, 5, 4.25], "texture": "#1"},
				"down": {"uv": [4.75, 4.25, 5, 4.5], "texture": "#1"}
			}
		},
		{
			"name": "mx5_46",
			"from": [1, 0.8125, 7.125],
			"to": [2, 2.8125, 7.125],
			"rotation": {"angle": 0, "axis": "y", "origin": [7, 7.0625, 6.625]},
			"faces": {
				"north": {"uv": [9.25, 4, 9, 4.5], "texture": "#1"},
				"east": {"uv": [9, 4, 9.25, 4.5], "texture": "#1"},
				"south": {"uv": [9, 4, 9.25, 4.5], "texture": "#1"},
				"west": {"uv": [9, 4, 9.25, 4.5], "texture": "#1"},
				"up": {"uv": [9, 4, 9.25, 4.25], "texture": "#1"},
				"down": {"uv": [9, 4.25, 9.25, 4.5], "texture": "#1"}
			}
		},
		{
			"name": "mx5_47",
			"from": [3, -1.1875, 5.625],
			"to": [4, 1.8125, 6.625],
			"rotation": {"angle": 0, "axis": "y", "origin": [7, 7.0625, 6.625]},
			"faces": {
				"north": {"uv": [1.25, 4.25, 1, 5], "texture": "#1"},
				"east": {"uv": [1, 4.25, 1.25, 5], "texture": "#1"},
				"south": {"uv": [1, 4.25, 1.25, 5], "texture": "#1"},
				"west": {"uv": [1, 4.25, 1.25, 5], "texture": "#1"},
				"up": {"uv": [1, 4.25, 1.25, 4.5], "texture": "#1"},
				"down": {"uv": [1, 4.75, 1.25, 5], "texture": "#1"}
			}
		},
		{
			"name": "mx5_48",
			"from": [10, -1.1875, 5.625],
			"to": [11, 1.8125, 6.625],
			"rotation": {"angle": 0, "axis": "y", "origin": [7, 7.0625, 6.625]},
			"faces": {
				"north": {"uv": [3, 4.25, 2.75, 5], "texture": "#1"},
				"east": {"uv": [2.75, 4.25, 3, 5], "texture": "#1"},
				"south": {"uv": [2.75, 4.25, 3, 5], "texture": "#1"},
				"west": {"uv": [2.75, 4.25, 3, 5], "texture": "#1"},
				"up": {"uv": [2.75, 4.25, 3, 4.5], "texture": "#1"},
				"down": {"uv": [2.75, 4.75, 3, 5], "texture": "#1"}
			}
		},
		{
			"name": "mx5_49",
			"from": [4, -2.1875, 5.625],
			"to": [5, 0.8125, 6.625],
			"rotation": {"angle": 0, "axis": "y", "origin": [7, 7.0625, 6.625]},
			"faces": {
				"north": {"uv": [1.5, 4.5, 1.25, 5.25], "texture": "#1"},
				"east": {"uv": [1.25, 4.5, 1.5, 5.25], "texture": "#1"},
				"south": {"uv": [1.25, 4.5, 1.5, 5.25], "texture": "#1"},
				"west": {"uv": [1.25, 4.5, 1.5, 5.25], "texture": "#1"},
				"up": {"uv": [1.25, 4.5, 1.5, 4.75], "texture": "#1"},
				"down": {"uv": [1.25, 5, 1.5, 5.25], "texture": "#1"}
			}
		},
		{
			"name": "mx5_50",
			"from": [9, -2.1875, 5.625],
			"to": [10, 0.8125, 6.625],
			"rotation": {"angle": 0, "axis": "y", "origin": [7, 7.0625, 6.625]},
			"faces": {
				"north": {"uv": [2.75, 4.5, 2.5, 5.25], "texture": "#1"},
				"east": {"uv": [2.5, 4.5, 2.75, 5.25], "texture": "#1"},
				"south": {"uv": [2.5, 4.5, 2.75, 5.25], "texture": "#1"},
				"west": {"uv": [2.5, 4.5, 2.75, 5.25], "texture": "#1"},
				"up": {"uv": [2.5, 4.5, 2.75, 4.75], "texture": "#1"},
				"down": {"uv": [2.5, 5, 2.75, 5.25], "texture": "#1"}
			}
		},
		{
			"name": "mx5_51",
			"from": [5, -3.1875, 5.625],
			"to": [6, -0.1875, 6.625],
			"rotation": {"angle": 0, "axis": "y", "origin": [7, 7.0625, 6.625]},
			"faces": {
				"north": {"uv": [1.75, 4.75, 1.5, 5.5], "texture": "#1"},
				"east": {"uv": [1.5, 4.75, 1.75, 5.5], "texture": "#1"},
				"south": {"uv": [1.5, 4.75, 1.75, 5.5], "texture": "#1"},
				"west": {"uv": [1.5, 4.75, 1.75, 5.5], "texture": "#1"},
				"up": {"uv": [1.5, 4.75, 1.75, 5], "texture": "#1"},
				"down": {"uv": [1.5, 5.25, 1.75, 5.5], "texture": "#1"}
			}
		},
		{
			"name": "mx5_52",
			"from": [8, -3.1875, 5.625],
			"to": [9, -0.1875, 6.625],
			"rotation": {"angle": 0, "axis": "y", "origin": [7, 7.0625, 6.625]},
			"faces": {
				"north": {"uv": [2.5, 4.75, 2.25, 5.5], "texture": "#1"},
				"east": {"uv": [2.25, 4.75, 2.5, 5.5], "texture": "#1"},
				"south": {"uv": [2.25, 4.75, 2.5, 5.5], "texture": "#1"},
				"west": {"uv": [2.25, 4.75, 2.5, 5.5], "texture": "#1"},
				"up": {"uv": [2.25, 4.75, 2.5, 5], "texture": "#1"},
				"down": {"uv": [2.25, 5.25, 2.5, 5.5], "texture": "#1"}
			}
		},
		{
			"name": "mx5_53",
			"from": [3, -1.1875, 6.125],
			"to": [5, -0.1875, 7.125],
			"rotation": {"angle": 0, "axis": "y", "origin": [7, 7.0625, 6.625]},
			"faces": {
				"north": {"uv": [5.75, 4.75, 5.25, 5], "texture": "#1"},
				"east": {"uv": [5.5, 4.75, 5.75, 5], "texture": "#1"},
				"south": {"uv": [5.25, 4.75, 5.75, 5], "texture": "#1"},
				"west": {"uv": [5.25, 4.75, 5.5, 5], "texture": "#1"},
				"up": {"uv": [5.25, 4.75, 5.75, 5], "texture": "#1"},
				"down": {"uv": [5.25, 4.75, 5.75, 5], "texture": "#1"}
			}
		},
		{
			"name": "mx5_54",
			"from": [9, -1.1875, 6.125],
			"to": [11, -0.1875, 7.125],
			"rotation": {"angle": 0, "axis": "y", "origin": [7, 7.0625, 6.625]},
			"faces": {
				"north": {"uv": [7.25, 4.75, 6.75, 5], "texture": "#1"},
				"east": {"uv": [7, 4.75, 7.25, 5], "texture": "#1"},
				"south": {"uv": [6.75, 4.75, 7.25, 5], "texture": "#1"},
				"west": {"uv": [6.75, 4.75, 7, 5], "texture": "#1"},
				"up": {"uv": [6.75, 4.75, 7.25, 5], "texture": "#1"},
				"down": {"uv": [6.75, 4.75, 7.25, 5], "texture": "#1"}
			}
		},
		{
			"name": "mx5_55",
			"from": [3, -1.1875, 7.125],
			"to": [5, -0.1875, 7.125],
			"rotation": {"angle": 0, "axis": "y", "origin": [7, 7.0625, 6.625]},
			"faces": {
				"north": {"uv": [10, 4.75, 9.5, 5], "texture": "#1"},
				"east": {"uv": [9.75, 4.75, 10, 5], "texture": "#1"},
				"south": {"uv": [9.5, 4.75, 10, 5], "texture": "#1"},
				"west": {"uv": [9.5, 4.75, 9.75, 5], "texture": "#1"},
				"up": {"uv": [9.5, 4.75, 10, 5], "texture": "#1"},
				"down": {"uv": [9.5, 4.75, 10, 5], "texture": "#1"}
			}
		},
		{
			"name": "mx5_56",
			"from": [9, -1.1875, 7.125],
			"to": [11, -0.1875, 7.125],
			"rotation": {"angle": 0, "axis": "y", "origin": [7, 7.0625, 6.625]},
			"faces": {
				"north": {"uv": [11.5, 4.75, 11, 5], "texture": "#1"},
				"east": {"uv": [11.25, 4.75, 11.5, 5], "texture": "#1"},
				"south": {"uv": [11, 4.75, 11.5, 5], "texture": "#1"},
				"west": {"uv": [11, 4.75, 11.25, 5], "texture": "#1"},
				"up": {"uv": [11, 4.75, 11.5, 5], "texture": "#1"},
				"down": {"uv": [11, 4.75, 11.5, 5], "texture": "#1"}
			}
		},
		{
			"name": "mx5_57",
			"from": [6, -4.1875, 5.625],
			"to": [8, -1.1875, 6.625],
			"rotation": {"angle": 0, "axis": "y", "origin": [7, 7.0625, 6.625]},
			"faces": {
				"north": {"uv": [2.25, 5, 1.75, 5.75], "texture": "#1"},
				"east": {"uv": [2, 5, 2.25, 5.75], "texture": "#1"},
				"south": {"uv": [1.75, 5, 2.25, 5.75], "texture": "#1"},
				"west": {"uv": [1.75, 5, 2, 5.75], "texture": "#1"},
				"up": {"uv": [1.75, 5, 2.25, 5.25], "texture": "#1"},
				"down": {"uv": [1.75, 5.5, 2.25, 5.75], "texture": "#1"}
			}
		},
		{
			"name": "mx5_58",
			"from": [4, -2.1875, 6.125],
			"to": [5, -1.1875, 7.125],
			"rotation": {"angle": 0, "axis": "y", "origin": [7, 7.0625, 6.625]},
			"faces": {
				"north": {"uv": [5.75, 5, 5.5, 5.25], "texture": "#1"},
				"east": {"uv": [5.5, 5, 5.75, 5.25], "texture": "#1"},
				"south": {"uv": [5.5, 5, 5.75, 5.25], "texture": "#1"},
				"west": {"uv": [5.5, 5, 5.75, 5.25], "texture": "#1"},
				"up": {"uv": [5.5, 5, 5.75, 5.25], "texture": "#1"},
				"down": {"uv": [5.5, 5, 5.75, 5.25], "texture": "#1"}
			}
		},
		{
			"name": "mx5_59",
			"from": [9, -2.1875, 6.125],
			"to": [10, -1.1875, 7.125],
			"rotation": {"angle": 0, "axis": "y", "origin": [7, 7.0625, 6.625]},
			"faces": {
				"north": {"uv": [7, 5, 6.75, 5.25], "texture": "#1"},
				"east": {"uv": [6.75, 5, 7, 5.25], "texture": "#1"},
				"south": {"uv": [6.75, 5, 7, 5.25], "texture": "#1"},
				"west": {"uv": [6.75, 5, 7, 5.25], "texture": "#1"},
				"up": {"uv": [6.75, 5, 7, 5.25], "texture": "#1"},
				"down": {"uv": [6.75, 5, 7, 5.25], "texture": "#1"}
			}
		},
		{
			"name": "mx5_60",
			"from": [4, -2.1875, 7.125],
			"to": [5, -1.1875, 7.125],
			"rotation": {"angle": 0, "axis": "y", "origin": [7, 7.0625, 6.625]},
			"faces": {
				"north": {"uv": [10, 5, 9.75, 5.25], "texture": "#1"},
				"east": {"uv": [9.75, 5, 10, 5.25], "texture": "#1"},
				"south": {"uv": [9.75, 5, 10, 5.25], "texture": "#1"},
				"west": {"uv": [9.75, 5, 10, 5.25], "texture": "#1"},
				"up": {"uv": [9.75, 5, 10, 5.25], "texture": "#1"},
				"down": {"uv": [9.75, 5, 10, 5.25], "texture": "#1"}
			}
		},
		{
			"name": "mx5_61",
			"from": [9, -2.1875, 7.125],
			"to": [10, -1.1875, 7.125],
			"rotation": {"angle": 0, "axis": "y", "origin": [7, 7.0625, 6.625]},
			"faces": {
				"north": {"uv": [11.25, 5, 11, 5.25], "texture": "#1"},
				"east": {"uv": [11, 5, 11.25, 5.25], "texture": "#1"},
				"south": {"uv": [11, 5, 11.25, 5.25], "texture": "#1"},
				"west": {"uv": [11, 5, 11.25, 5.25], "texture": "#1"},
				"up": {"uv": [11, 5, 11.25, 5.25], "texture": "#1"},
				"down": {"uv": [11, 5, 11.25, 5.25], "texture": "#1"}
			}
		},
		{
			"name": "mx5_62",
			"from": [6, -4.1875, 6.125],
			"to": [8, -3.1875, 7.125],
			"rotation": {"angle": 0, "axis": "y", "origin": [7, 7.0625, 6.625]},
			"faces": {
				"north": {"uv": [6.5, 5.5, 6, 5.75], "texture": "#1"},
				"east": {"uv": [6.25, 5.5, 6.5, 5.75], "texture": "#1"},
				"south": {"uv": [6, 5.5, 6.5, 5.75], "texture": "#1"},
				"west": {"uv": [6, 5.5, 6.25, 5.75], "texture": "#1"},
				"up": {"uv": [6, 5.5, 6.5, 5.75], "texture": "#1"},
				"down": {"uv": [6, 5.5, 6.5, 5.75], "texture": "#1"}
			}
		},
		{
			"name": "mx5_63",
			"from": [6, -4.1875, 7.125],
			"to": [8, -3.1875, 7.125],
			"rotation": {"angle": 0, "axis": "y", "origin": [7, 7.0625, 6.625]},
			"faces": {
				"north": {"uv": [10.75, 5.5, 10.25, 5.75], "texture": "#1"},
				"east": {"uv": [10.5, 5.5, 10.75, 5.75], "texture": "#1"},
				"south": {"uv": [10.25, 5.5, 10.75, 5.75], "texture": "#1"},
				"west": {"uv": [10.25, 5.5, 10.5, 5.75], "texture": "#1"},
				"up": {"uv": [10.25, 5.5, 10.75, 5.75], "texture": "#1"},
				"down": {"uv": [10.25, 5.5, 10.75, 5.75], "texture": "#1"}
			}
		},
		{
			"name": "mx6_0",
			"from": [4, 10, 7],
			"to": [10, 12, 8],
			"rotation": {"angle": 0, "axis": "y", "origin": [-4, -2, 7]},
			"faces": {
				"north": {"uv": [15, 2, 8, 4], "texture": "#2"},
				"east": {"uv": [14, 2, 15, 4], "texture": "#2"},
				"south": {"uv": [8, 2, 14, 4], "texture": "#2"},
				"west": {"uv": [8, 2, 9, 4], "texture": "#2"},
				"up": {"uv": [8, 2, 14, 3], "texture": "#2"},
				"down": {"uv": [8, 3, 15, 4], "texture": "#2"}
			}
		},
		{
			"name": "mx6_1",
			"from": [6, 10, 8],
			"to": [8, 11, 13],
			"rotation": {"angle": 0, "axis": "y", "origin": [6.5, 8, 11.25]},
			"faces": {
				"north": {"uv": [6, 3, 7, 4], "texture": "#2"},
				"east": {"uv": [2, 3, 7, 4], "texture": "#2"},
				"south": {"uv": [2, 3, 3, 4], "texture": "#2"},
				"west": {"uv": [7, 3, 2, 4], "texture": "#2"},
				"up": {"uv": [2, 1, 7, 3], "rotation": 270, "texture": "#2"},
				"down": {"uv": [2, 1, 7, 3], "rotation": 270, "texture": "#2"}
			}
		},
		{
			"name": "mx6_2",
			"from": [6, 5, 12],
			"to": [8, 10, 13],
			"rotation": {"angle": 0, "axis": "y", "origin": [6.5, 8, 11.25]},
			"faces": {
				"north": {"uv": [2, 4, 3, 9], "texture": "#2"},
				"east": {"uv": [2, 4, 3, 9], "texture": "#2"},
				"south": {"uv": [0, 4, 2, 9], "texture": "#2"},
				"west": {"uv": [3, 4, 2, 9], "texture": "#2"},
				"up": {"uv": [2, 4, 3, 5], "rotation": 270, "texture": "#2"},
				"down": {"uv": [2, 8, 3, 9], "rotation": 90, "texture": "#2"}
			}
		},
		{
			"name": "mx6_3",
			"from": [6, 5, 8],
			"to": [8, 6, 12],
			"rotation": {"angle": 0, "axis": "y", "origin": [6.5, 8, 11.25]},
			"faces": {
				"north": {"uv": [6, 8, 7, 9], "texture": "#2"},
				"east": {"uv": [7, 3, 2, 4], "texture": "#2"},
				"south": {"uv": [3, 8, 4, 9], "texture": "#2"},
				"west": {"uv": [7, 3, 2, 4], "texture": "#2"},
				"up": {"uv": [2, 1, 7, 3], "rotation": 270, "texture": "#2"},
				"down": {"uv": [2, 1, 7, 3], "rotation": 270, "texture": "#2"}
			}
		},
		{
			"name": "mx6_4",
			"from": [4, 4, 7],
			"to": [10, 6, 8],
			"rotation": {"angle": 0, "axis": "y", "origin": [-4, -2, 7]},
			"faces": {
				"north": {"uv": [14, 8, 8, 10], "texture": "#2"},
				"east": {"uv": [14, 8, 15, 10], "texture": "#2"},
				"south": {"uv": [8, 8, 14, 10], "texture": "#2"},
				"west": {"uv": [8, 8, 9, 10], "texture": "#2"},
				"up": {"uv": [8, 8, 15, 9], "texture": "#2"},
				"down": {"uv": [8, 9, 14, 10], "texture": "#2"}
			}
		}
	],
	"gui_light": "front",
	"overrides": [
		{"predicate": {"blocking": 1}, "model": "tfc:item/metal/shield/blue_steel_blocking"}
	],
	"display": {
		"thirdperson_righthand": {
			"rotation": [0, -90, 0],
			"translation": [3.3, -1.9, 3]
		},
		"thirdperson_lefthand": {
			"rotation": [0, -90, 0],
			"translation": [3.3, -1.9, 3]
		},
		"firstperson_righthand": {
			"rotation": [0, -75, 15],
			"translation": [4, -3, 0]
		},
		"firstperson_lefthand": {
			"rotation": [0, -75, 15],
			"translation": [4, -3, 0]
		},
		"ground": {
			"translation": [0, 2, 0],
			"scale": [0.5, 0.5, 0.5]
		},
		"gui": {
			"rotation": [0, 180, 0],
			"scale": [1, 0.9, 1]
		},
		"head": {
			"translation": [0, 0, -7.56]
		},
		"fixed": {
			"translation": [0, 0, -0.38],
			"scale": [2, 2, 2]
		}
	}
}