{
	"credit": "Made with Blockbench",
	"textures": {
		"1": "tfc:item/metal/shield/wrought_iron",
		"particle": "tfc:item/metal/shield/wrought_iron"
	},
	"elements": [
		{
			"name": "mx8_0",
			"from": [0, 5, 6.1875],
			"to": [16, 18, 7.1875],
			"rotation": {"angle": 0, "axis": "y", "origin": [8, 6, 9.9375]},
			"faces": {
				"north": {"uv": [4, 0, 0, 3.25], "texture": "#1"},
				"east": {"uv": [3.75, 0, 4, 3.25], "texture": "#1"},
				"south": {"uv": [8, 0, 12, 3.25], "texture": "#1"},
				"west": {"uv": [0, 0, 0.25, 3.25], "texture": "#1"},
				"up": {"uv": [0, 0, 4, 0.25], "texture": "#1"},
				"down": {"uv": [0, 3, 4, 3.25], "texture": "#1"}
			}
		},
		{
			"name": "mx8_2",
			"from": [1, 16, 5.6875],
			"to": [15, 17, 6.6875],
			"rotation": {"angle": 0, "axis": "y", "origin": [8, 6, 9.9375]},
			"faces": {
				"north": {"uv": [7.75, 0.25, 4.25, 0.5], "texture": "#1"},
				"east": {"uv": [7.5, 0.25, 7.75, 0.5], "texture": "#1"},
				"south": {"uv": [4.25, 0.25, 7.75, 0.5], "texture": "#1"},
				"west": {"uv": [4.25, 0.25, 4.5, 0.5], "texture": "#1"},
				"up": {"uv": [4.25, 0.25, 7.75, 0.5], "texture": "#1"},
				"down": {"uv": [4.25, 0.25, 7.75, 0.5], "texture": "#1"}
			}
		},
		{
			"name": "mx8_3",
			"from": [6.5, 3, 7.1875],
			"to": [9.5, 13, 8.1875],
			"rotation": {"angle": 0, "axis": "y", "origin": [8, 8, 10.6875]},
			"faces": {
				"north": {"uv": [14.75, 0.25, 12.25, 1], "rotation": 270, "texture": "#1"},
				"east": {"uv": [12.25, 0.25, 14.75, 0.5], "rotation": 90, "texture": "#1"},
				"south": {"uv": [12.25, 0.25, 14.75, 1], "rotation": 90, "texture": "#1"},
				"west": {"uv": [12.25, 0.75, 14.75, 1], "rotation": 90, "texture": "#1"},
				"up": {"uv": [12.25, 0.25, 12.5, 1], "rotation": 90, "texture": "#1"},
				"down": {"uv": [14.5, 0.25, 14.75, 1], "rotation": 90, "texture": "#1"}
			}
		},
		{
			"name": "mx8_4",
			"from": [1, 5, 5.6875],
			"to": [2, 16, 6.6875],
			"rotation": {"angle": 0, "axis": "y", "origin": [8, 6, 9.9375]},
			"faces": {
				"north": {"uv": [4.5, 0.5, 4.25, 3.25], "texture": "#1"},
				"east": {"uv": [4.25, 0.5, 4.5, 3.25], "texture": "#1"},
				"south": {"uv": [4.25, 0.5, 4.5, 3.25], "texture": "#1"},
				"west": {"uv": [4.25, 0.5, 4.5, 3.25], "texture": "#1"},
				"up": {"uv": [4.25, 0.5, 4.5, 0.75], "texture": "#1"},
				"down": {"uv": [4.25, 3, 4.5, 3.25], "texture": "#1"}
			}
		},
		{
			"name": "mx8_5",
			"from": [14, 5, 5.6875],
			"to": [15, 16, 6.6875],
			"rotation": {"angle": 0, "axis": "y", "origin": [8, 6, 9.9375]},
			"faces": {
				"north": {"uv": [7.75, 0.5, 7.5, 3.25], "texture": "#1"},
				"east": {"uv": [7.5, 0.5, 7.75, 3.25], "texture": "#1"},
				"south": {"uv": [7.5, 0.5, 7.75, 3.25], "texture": "#1"},
				"west": {"uv": [7.5, 0.5, 7.75, 3.25], "texture": "#1"},
				"up": {"uv": [7.5, 0.5, 7.75, 0.75], "texture": "#1"},
				"down": {"uv": [7.5, 3, 7.75, 3.25], "texture": "#1"}
			}
		},
		{
			"name": "mx8_6",
			"from": [7.5, 10, 8.1875],
			"to": [8.5, 12, 13.1875],
			"rotation": {"angle": 0, "axis": "y", "origin": [8, 8, 10.6875]},
			"faces": {
				"north": {"uv": [12.5, 1.25, 13, 1.5], "rotation": 90, "texture": "#1"},
				"east": {"uv": [12.5, 1.25, 13, 2.5], "rotation": 90, "texture": "#1"},
				"south": {"uv": [12.5, 2.25, 13, 2.5], "rotation": 90, "texture": "#1"},
				"west": {"uv": [13, 1.25, 12.5, 2.5], "rotation": 270, "texture": "#1"},
				"up": {"uv": [12.5, 1.25, 12.75, 2.5], "texture": "#1"},
				"down": {"uv": [12.75, 1.25, 13, 2.5], "rotation": 180, "texture": "#1"}
			}
		},
		{
			"name": "mx8_7",
			"from": [7.5, 4, 8.1875],
			"to": [8.5, 6, 13.1875],
			"rotation": {"angle": 0, "axis": "y", "origin": [8, 8, 10.6875]},
			"faces": {
				"north": {"uv": [14, 1.25, 14.5, 1.5], "rotation": 90, "texture": "#1"},
				"east": {"uv": [14, 1.25, 14.5, 2.5], "rotation": 90, "texture": "#1"},
				"south": {"uv": [14, 2.25, 14.5, 2.5], "rotation": 90, "texture": "#1"},
				"west": {"uv": [14.5, 1.25, 14, 2.5], "rotation": 270, "texture": "#1"},
				"up": {"uv": [14, 1.25, 14.25, 2.5], "texture": "#1"},
				"down": {"uv": [14.25, 1.25, 14.5, 2.5], "rotation": 180, "texture": "#1"}
			}
		},
		{
			"name": "mx8_8",
			"from": [7.5, 6, 12.1875],
			"to": [8.5, 10, 14.1875],
			"rotation": {"angle": 0, "axis": "y", "origin": [8, 8, 10.6875]},
			"faces": {
				"north": {"uv": [13, 2.25, 14, 2.5], "rotation": 90, "texture": "#1"},
				"east": {"uv": [13, 2.25, 14, 2.75], "rotation": 90, "texture": "#1"},
				"south": {"uv": [13, 2.5, 14, 2.75], "rotation": 90, "texture": "#1"},
				"west": {"uv": [14, 2.25, 13, 2.75], "rotation": 270, "texture": "#1"},
				"up": {"uv": [13, 2.25, 13.25, 2.75], "texture": "#1"},
				"down": {"uv": [13.75, 2.25, 14, 2.75], "rotation": 180, "texture": "#1"}
			}
		},
		{
			"name": "mx8_9",
			"from": [7.5, 10, 13.1875],
			"to": [8.5, 11, 14.1875],
			"rotation": {"angle": 0, "axis": "y", "origin": [8, 8, 10.6875]},
			"faces": {
				"north": {"uv": [12.75, 2.5, 13, 2.75], "rotation": 90, "texture": "#1"},
				"east": {"uv": [12.75, 2.5, 13, 2.75], "rotation": 90, "texture": "#1"},
				"south": {"uv": [12.75, 2.5, 13, 2.75], "rotation": 90, "texture": "#1"},
				"west": {"uv": [13, 2.5, 12.75, 2.75], "rotation": 270, "texture": "#1"},
				"up": {"uv": [12.75, 2.5, 13, 2.75], "texture": "#1"},
				"down": {"uv": [12.75, 2.5, 13, 2.75], "rotation": 180, "texture": "#1"}
			}
		},
		{
			"name": "mx8_10",
			"from": [7.5, 5, 13.1875],
			"to": [8.5, 6, 14.1875],
			"rotation": {"angle": 0, "axis": "y", "origin": [8, 8, 10.6875]},
			"faces": {
				"north": {"uv": [14, 2.5, 14.25, 2.75], "rotation": 90, "texture": "#1"},
				"east": {"uv": [14, 2.5, 14.25, 2.75], "rotation": 90, "texture": "#1"},
				"south": {"uv": [14, 2.5, 14.25, 2.75], "rotation": 90, "texture": "#1"},
				"west": {"uv": [14.25, 2.5, 14, 2.75], "rotation": 270, "texture": "#1"},
				"up": {"uv": [14, 2.5, 14.25, 2.75], "texture": "#1"},
				"down": {"uv": [14, 2.5, 14.25, 2.75], "rotation": 180, "texture": "#1"}
			}
		},
		{
			"name": "mx8_11",
			"from": [2, 2, 5.6875],
			"to": [3, 7, 6.6875],
			"rotation": {"angle": 0, "axis": "y", "origin": [8, 6, 9.9375]},
			"faces": {
				"north": {"uv": [4.75, 2.75, 4.5, 4], "texture": "#1"},
				"east": {"uv": [4.5, 2.75, 4.75, 4], "texture": "#1"},
				"south": {"uv": [4.5, 2.75, 4.75, 4], "texture": "#1"},
				"west": {"uv": [4.5, 2.75, 4.75, 4], "texture": "#1"},
				"up": {"uv": [4.5, 2.75, 4.75, 3], "texture": "#1"},
				"down": {"uv": [4.5, 3.75, 4.75, 4], "texture": "#1"}
			}
		},
		{
			"name": "mx8_12",
			"from": [13, 2, 5.6875],
			"to": [14, 7, 6.6875],
			"rotation": {"angle": 0, "axis": "y", "origin": [8, 6, 9.9375]},
			"faces": {
				"north": {"uv": [7.5, 2.75, 7.25, 4], "texture": "#1"},
				"east": {"uv": [7.25, 2.75, 7.5, 4], "texture": "#1"},
				"south": {"uv": [7.25, 2.75, 7.5, 4], "texture": "#1"},
				"west": {"uv": [7.25, 2.75, 7.5, 4], "texture": "#1"},
				"up": {"uv": [7.25, 2.75, 7.5, 3], "texture": "#1"},
				"down": {"uv": [7.25, 3.75, 7.5, 4], "texture": "#1"}
			}
		},
		{
			"name": "mx8_13",
			"from": [1, 2, 6.1875],
			"to": [15, 5, 7.1875],
			"rotation": {"angle": 0, "axis": "y", "origin": [8, 6, 9.9375]},
			"faces": {
				"north": {"uv": [3.75, 3.25, 0.25, 4], "texture": "#1"},
				"east": {"uv": [3.5, 3.25, 3.75, 4], "texture": "#1"},
				"south": {"uv": [8.25, 3.25, 11.75, 4], "texture": "#1"},
				"west": {"uv": [0.25, 3.25, 0.5, 4], "texture": "#1"},
				"up": {"uv": [0.25, 3.25, 3.75, 3.5], "texture": "#1"},
				"down": {"uv": [0.25, 3.75, 3.75, 4], "texture": "#1"}
			}
		},
		{
			"name": "mx8_15",
			"from": [3, 0, 5.6875],
			"to": [4, 4, 6.6875],
			"rotation": {"angle": 0, "axis": "y", "origin": [8, 6, 9.9375]},
			"faces": {
				"north": {"uv": [5, 3.5, 4.75, 4.5], "texture": "#1"},
				"east": {"uv": [4.75, 3.5, 5, 4.5], "texture": "#1"},
				"south": {"uv": [4.75, 3.5, 5, 4.5], "texture": "#1"},
				"west": {"uv": [4.75, 3.5, 5, 4.5], "texture": "#1"},
				"up": {"uv": [4.75, 3.5, 5, 3.75], "texture": "#1"},
				"down": {"uv": [4.75, 4.25, 5, 4.5], "texture": "#1"}
			}
		},
		{
			"name": "mx8_16",
			"from": [12, 0, 5.6875],
			"to": [13, 4, 6.6875],
			"rotation": {"angle": 0, "axis": "y", "origin": [8, 6, 9.9375]},
			"faces": {
				"north": {"uv": [7.25, 3.5, 7, 4.5], "texture": "#1"},
				"east": {"uv": [7, 3.5, 7.25, 4.5], "texture": "#1"},
				"south": {"uv": [7, 3.5, 7.25, 4.5], "texture": "#1"},
				"west": {"uv": [7, 3.5, 7.25, 4.5], "texture": "#1"},
				"up": {"uv": [7, 3.5, 7.25, 3.75], "texture": "#1"},
				"down": {"uv": [7, 4.25, 7.25, 4.5], "texture": "#1"}
			}
		},
		{
			"name": "mx8_17",
			"from": [2, 0, 6.1875],
			"to": [14, 2, 7.1875],
			"rotation": {"angle": 0, "axis": "y", "origin": [8, 6, 9.9375]},
			"faces": {
				"north": {"uv": [3.5, 4, 0.5, 4.5], "texture": "#1"},
				"east": {"uv": [3.25, 4, 3.5, 4.5], "texture": "#1"},
				"south": {"uv": [8.5, 4, 11.5, 4.5], "texture": "#1"},
				"west": {"uv": [0.5, 4, 0.75, 4.5], "texture": "#1"},
				"up": {"uv": [0.5, 4, 3.5, 4.25], "texture": "#1"},
				"down": {"uv": [0.5, 4.25, 3.5, 4.5], "texture": "#1"}
			}
		},
		{
			"name": "mx8_18",
			"from": [4, -1, 5.6875],
			"to": [5, 2, 6.6875],
			"rotation": {"angle": 0, "axis": "y", "origin": [8, 6, 9.9375]},
			"faces": {
				"north": {"uv": [5.25, 4, 5, 4.75], "texture": "#1"},
				"east": {"uv": [5, 4, 5.25, 4.75], "texture": "#1"},
				"south": {"uv": [5, 4, 5.25, 4.75], "texture": "#1"},
				"west": {"uv": [5, 4, 5.25, 4.75], "texture": "#1"},
				"up": {"uv": [5, 4, 5.25, 4.25], "texture": "#1"},
				"down": {"uv": [5, 4.5, 5.25, 4.75], "texture": "#1"}
			}
		},
		{
			"name": "mx8_19",
			"from": [11, -1, 5.6875],
			"to": [12, 2, 6.6875],
			"rotation": {"angle": 0, "axis": "y", "origin": [8, 6, 9.9375]},
			"faces": {
				"north": {"uv": [7, 4, 6.75, 4.75], "texture": "#1"},
				"east": {"uv": [6.75, 4, 7, 4.75], "texture": "#1"},
				"south": {"uv": [6.75, 4, 7, 4.75], "texture": "#1"},
				"west": {"uv": [6.75, 4, 7, 4.75], "texture": "#1"},
				"up": {"uv": [6.75, 4, 7, 4.25], "texture": "#1"},
				"down": {"uv": [6.75, 4.5, 7, 4.75], "texture": "#1"}
			}
		},
		{
			"name": "mx8_21",
			"from": [3, -1, 6.1875],
			"to": [13, 0, 7.1875],
			"rotation": {"angle": 0, "axis": "y", "origin": [8, 6, 9.9375]},
			"faces": {
				"north": {"uv": [3.25, 4.5, 0.75, 4.75], "texture": "#1"},
				"east": {"uv": [3, 4.5, 3.25, 4.75], "texture": "#1"},
				"south": {"uv": [8.75, 4.5, 11.25, 4.75], "texture": "#1"},
				"west": {"uv": [0.75, 4.5, 1, 4.75], "texture": "#1"},
				"up": {"uv": [0.75, 4.5, 3.25, 4.75], "texture": "#1"},
				"down": {"uv": [0.75, 4.5, 3.25, 4.75], "texture": "#1"}
			}
		},
		{
			"name": "mx8_22",
			"from": [5, -2, 5.6875],
			"to": [6, 0, 6.6875],
			"rotation": {"angle": 0, "axis": "y", "origin": [8, 6, 9.9375]},
			"faces": {
				"north": {"uv": [5.5, 4.5, 5.25, 5], "texture": "#1"},
				"east": {"uv": [5.25, 4.5, 5.5, 5], "texture": "#1"},
				"south": {"uv": [5.25, 4.5, 5.5, 5], "texture": "#1"},
				"west": {"uv": [5.25, 4.5, 5.5, 5], "texture": "#1"},
				"up": {"uv": [5.25, 4.5, 5.5, 4.75], "texture": "#1"},
				"down": {"uv": [5.25, 4.75, 5.5, 5], "texture": "#1"}
			}
		},
		{
			"name": "mx8_23",
			"from": [10, -2, 5.6875],
			"to": [11, 0, 6.6875],
			"rotation": {"angle": 0, "axis": "y", "origin": [8, 6, 9.9375]},
			"faces": {
				"north": {"uv": [6.75, 4.5, 6.5, 5], "texture": "#1"},
				"east": {"uv": [6.5, 4.5, 6.75, 5], "texture": "#1"},
				"south": {"uv": [6.5, 4.5, 6.75, 5], "texture": "#1"},
				"west": {"uv": [6.5, 4.5, 6.75, 5], "texture": "#1"},
				"up": {"uv": [6.5, 4.5, 6.75, 4.75], "texture": "#1"},
				"down": {"uv": [6.5, 4.75, 6.75, 5], "texture": "#1"}
			}
		},
		{
			"name": "mx8_25",
			"from": [4, -2, 6.1875],
			"to": [12, -1, 7.1875],
			"rotation": {"angle": 0, "axis": "y", "origin": [8, 6, 9.9375]},
			"faces": {
				"north": {"uv": [3, 4.75, 1, 5], "texture": "#1"},
				"east": {"uv": [2.75, 4.75, 3, 5], "texture": "#1"},
				"south": {"uv": [9, 4.75, 11, 5], "texture": "#1"},
				"west": {"uv": [1, 4.75, 1.25, 5], "texture": "#1"},
				"up": {"uv": [1, 4.75, 3, 5], "texture": "#1"},
				"down": {"uv": [1, 4.75, 3, 5], "texture": "#1"}
			}
		},
		{
			"name": "mx8_26",
			"from": [6, -3, 5.6875],
			"to": [7, -1, 6.6875],
			"rotation": {"angle": 0, "axis": "y", "origin": [8, 6, 9.9375]},
			"faces": {
				"north": {"uv": [5.75, 4.75, 5.5, 5.25], "texture": "#1"},
				"east": {"uv": [5.5, 4.75, 5.75, 5.25], "texture": "#1"},
				"south": {"uv": [5.5, 4.75, 5.75, 5.25], "texture": "#1"},
				"west": {"uv": [5.5, 4.75, 5.75, 5.25], "texture": "#1"},
				"up": {"uv": [5.5, 4.75, 5.75, 5], "texture": "#1"},
				"down": {"uv": [5.5, 5, 5.75, 5.25], "texture": "#1"}
			}
		},
		{
			"name": "mx8_27",
			"from": [9, -3, 5.6875],
			"to": [10, -1, 6.6875],
			"rotation": {"angle": 0, "axis": "y", "origin": [8, 6, 9.9375]},
			"faces": {
				"north": {"uv": [6.5, 4.75, 6.25, 5.25], "texture": "#1"},
				"east": {"uv": [6.25, 4.75, 6.5, 5.25], "texture": "#1"},
				"south": {"uv": [6.25, 4.75, 6.5, 5.25], "texture": "#1"},
				"west": {"uv": [6.25, 4.75, 6.5, 5.25], "texture": "#1"},
				"up": {"uv": [6.25, 4.75, 6.5, 5], "texture": "#1"},
				"down": {"uv": [6.25, 5, 6.5, 5.25], "texture": "#1"}
			}
		},
		{
			"name": "mx8_29",
			"from": [5, -3, 6.1875],
			"to": [11, -2, 7.1875],
			"rotation": {"angle": 0, "axis": "y", "origin": [8, 6, 9.9375]},
			"faces": {
				"north": {"uv": [2.75, 5, 1.25, 5.25], "texture": "#1"},
				"east": {"uv": [2.5, 5, 2.75, 5.25], "texture": "#1"},
				"south": {"uv": [9.25, 5, 10.75, 5.25], "texture": "#1"},
				"west": {"uv": [1.25, 5, 1.5, 5.25], "texture": "#1"},
				"up": {"uv": [1.25, 5, 2.75, 5.25], "texture": "#1"},
				"down": {"uv": [1.25, 5, 2.75, 5.25], "texture": "#1"}
			}
		},
		{
			"name": "mx8_30",
			"from": [7, -4, 5.6875],
			"to": [9, -2, 6.6875],
			"rotation": {"angle": 0, "axis": "y", "origin": [8, 6, 9.9375]},
			"faces": {
				"north": {"uv": [6.25, 5, 5.75, 5.5], "texture": "#1"},
				"east": {"uv": [6, 5, 6.25, 5.5], "texture": "#1"},
				"south": {"uv": [5.75, 5, 6.25, 5.5], "texture": "#1"},
				"west": {"uv": [5.75, 5, 6, 5.5], "texture": "#1"},
				"up": {"uv": [5.75, 5, 6.25, 5.25], "texture": "#1"},
				"down": {"uv": [5.75, 5.25, 6.25, 5.5], "texture": "#1"}
			}
		},
		{
			"name": "mx8_32",
			"from": [6, -4, 6.1875],
			"to": [10, -3, 7.1875],
			"rotation": {"angle": 0, "axis": "y", "origin": [8, 6, 9.9375]},
			"faces": {
				"north": {"uv": [2.5, 5.25, 1.5, 5.5], "texture": "#1"},
				"east": {"uv": [2.25, 5.25, 2.5, 5.5], "texture": "#1"},
				"south": {"uv": [9.5, 5.25, 10.5, 5.5], "texture": "#1"},
				"west": {"uv": [1.5, 5.25, 1.75, 5.5], "texture": "#1"},
				"up": {"uv": [1.5, 5.25, 2.5, 5.5], "texture": "#1"},
				"down": {"uv": [1.5, 5.25, 2.5, 5.5], "texture": "#1"}
			}
		},
		{
			"name": "mx8_34",
			"from": [7, -5, 6.1875],
			"to": [9, -4, 7.1875],
			"rotation": {"angle": 0, "axis": "y", "origin": [8, 6, 9.9375]},
			"faces": {
				"north": {"uv": [2.25, 5.5, 1.75, 5.75], "texture": "#1"},
				"east": {"uv": [2, 5.5, 2.25, 5.75], "texture": "#1"},
				"south": {"uv": [9.75, 5.5, 10.25, 5.75], "texture": "#1"},
				"west": {"uv": [1.75, 5.5, 2, 5.75], "texture": "#1"},
				"up": {"uv": [1.75, 5.5, 2.25, 5.75], "texture": "#1"},
				"down": {"uv": [1.75, 5.5, 2.25, 5.75], "texture": "#1"}
			}
		}
	],
	"gui_light": "front",
	"overrides": [
		{"predicate": {"blocking": 1}, "model": "tfc:item/metal/shield/wrought_iron_blocking"}
	],
	"display": {
		"thirdperson_righthand": {
			"rotation": [0, -90, 0],
			"translation": [2.3, -2, 3.5]
		},
		"thirdperson_lefthand": {
			"rotation": [0, -90, 0],
			"translation": [2.3, -2, 3.5]
		},
		"firstperson_righthand": {
			"rotation": [0, -75, 15],
			"translation": [4, -2, 0]
		},
		"firstperson_lefthand": {
			"rotation": [0, -75, 15],
			"translation": [4, -2, 0]
		},
		"ground": {
			"translation": [0, 4, 0],
			"scale": [0.5, 0.5, 0.5]
		},
		"gui": {
			"rotation": [0, 180, 0],
			"translation": [0, 1.5, 0],
			"scale": [0.9, 0.75, 0.9]
		},
		"head": {
			"translation": [0, 0, -7.56]
		},
		"fixed": {
			"translation": [0, 0, -0.38]
		}
	},
	"groups": [
		{
			"name": "mx8",
			"origin": [8, 8, 8],
			"color": 0,
			"children": [0, 1, 2, 3, 4, 5, 6, 7, 8, 9, 10, 11, 12, 13, 14, 15, 16, 17, 18, 19, 20, 21, 22, 23, 24, 25, 26, 27]
		}
	]
}