{
  "name": "ad_astra:dungeon/moon/room",
  "fallback": "ad_astra:dungeon/moon/walkway",
  "elements": [
    {
      "weight": 30,
      "element": {
        "location": "ad_astra:dungeon/moon/walkway",
        "processors": "minecraft:empty",
        "projection": "rigid",
        "element_type": "minecraft:single_pool_element"
      }
    },
    {
      "weight": 30,
      "element": {
        "location": "ad_astra:dungeon/moon/turn",
        "processors": "minecraft:empty",
        "projection": "rigid",
        "element_type": "minecraft:single_pool_element"
      }
    },
    {
      "weight": 30,
      "element": {
        "location": "ad_astra:dungeon/moon/cross",
        "processors": "minecraft:empty",
        "projection": "rigid",
        "element_type": "minecraft:single_pool_element"
      }
    },
    {
      "weight": 30,
      "element": {
        "location": "ad_astra:dungeon/moon/fork",
        "processors": "minecraft:empty",
        "projection": "rigid",
        "element_type": "minecraft:single_pool_element"
      }
    },
    {
      "weight": 20,
      "element": {
        "location": "ad_astra:dungeon/moon/ladders1",
        "processors": "minecraft:empty",
        "projection": "rigid",
        "element_type": "minecraft:single_pool_element"
      }
    },
    {
      "weight": 20,
      "element": {
        "location": "ad_astra:dungeon/moon/stairs1",
        "processors": "minecraft:empty",
        "projection": "rigid",
        "element_type": "minecraft:single_pool_element"
      }
    },
    {
      "weight": 20,
      "element": {
        "location": "ad_astra:dungeon/moon/stairs2",
        "processors": "minecraft:empty",
        "projection": "rigid",
        "element_type": "minecraft:single_pool_element"
      }
    },
    {
      "weight": 150,
      "element": {
        "location": "ad_astra:dungeon/moon/boss_room",
        "processors": "minecraft:empty",
        "projection": "rigid",
        "element_type": "minecraft:single_pool_element"
      }
    },
    {
      "weight": 60,
      "element": {
        "location": "ad_astra:dungeon/moon/chest_room",
        "processors": "minecraft:empty",
        "projection": "rigid",
        "element_type": "minecraft:single_pool_element"
      }
    },
    {
      "weight": 60,
      "element": {
        "location": "ad_astra:dungeon/moon/library",
        "processors": "minecraft:empty",
        "projection": "rigid",
        "element_type": "minecraft:single_pool_element"
      }
    },
    {
      "weight": 60,
      "element": {
        "location": "ad_astra:dungeon/moon/main",
        "processors": "minecraft:empty",
        "projection": "rigid",
        "element_type": "minecraft:single_pool_element"
      }
    },
    {
      "weight": 60,
      "element": {
        "location": "ad_astra:dungeon/moon/meet",
        "processors": "minecraft:empty",
        "projection": "rigid",
        "element_type": "minecraft:single_pool_element"
      }
    },
    {
      "weight": 60,
      "element": {
        "location": "ad_astra:dungeon/moon/plant",
        "processors": "minecraft:empty",
        "projection": "rigid",
        "element_type": "minecraft:single_pool_element"
      }
    },
    {
      "weight": 60,
      "element": {
        "location": "ad_astra:dungeon/moon/prison",
        "processors": "minecraft:empty",
        "projection": "rigid",
        "element_type": "minecraft:single_pool_element"
      }
    },
    {
      "weight": 60,
      "element": {
        "location": "ad_astra:dungeon/moon/spawn_room2",
        "processors": "minecraft:empty",
        "projection": "rigid",
        "element_type": "minecraft:single_pool_element"
      }
    },
    {
      "weight": 60,
      "element": {
        "location": "ad_astra:dungeon/moon/statue",
        "processors": "minecraft:empty",
        "projection": "rigid",
        "element_type": "minecraft:single_pool_element"
      }
    },
    {
      "weight": 60,
      "element": {
        "location": "ad_astra:dungeon/moon/storage",
        "processors": "minecraft:empty",
        "projection": "rigid",
        "element_type": "minecraft:single_pool_element"
      }
    },
    {
      "weight": 60,
      "element": {
        "location": "ad_astra:dungeon/moon/war1",
        "processors": "minecraft:empty",
        "projection": "rigid",
        "element_type": "minecraft:single_pool_element"
      }
    }
  ]
}