{
  "name": "ad_astra:dungeon/moon/walkway",
  "fallback": "ad_astra:dungeon/moon/end",
  "elements": [
    {
      "weight": 100,
      "element": {
        "location": "ad_astra:dungeon/moon/walkway",
        "processors": "minecraft:empty",
        "projection": "rigid",
        "element_type": "minecraft:single_pool_element"
      }
    },
    {
      "weight": 100,
      "element": {
        "location": "ad_astra:dungeon/moon/turn",
        "processors": "minecraft:empty",
        "projection": "rigid",
        "element_type": "minecraft:single_pool_element"
      }
    },
    {
      "weight": 100,
      "element": {
        "location": "ad_astra:dungeon/moon/cross",
        "processors": "minecraft:empty",
        "projection": "rigid",
        "element_type": "minecraft:single_pool_element"
      }
    },
    {
      "weight": 100,
      "element": {
        "location": "ad_astra:dungeon/moon/fork",
        "processors": "minecraft:empty",
        "projection": "rigid",
        "element_type": "minecraft:single_pool_element"
      }
    },
    {
      "weight": 30,
      "element": {
        "location": "ad_astra:dungeon/moon/ladders1",
        "processors": "minecraft:empty",
        "projection": "rigid",
        "element_type": "minecraft:single_pool_element"
      }
    },
    {
      "weight": 30,
      "element": {
        "location": "ad_astra:dungeon/moon/stairs1",
        "processors": "minecraft:empty",
        "projection": "rigid",
        "element_type": "minecraft:single_pool_element"
      }
    },
    {
      "weight": 30,
      "element": {
        "location": "ad_astra:dungeon/moon/stairs2",
        "processors": "minecraft:empty",
        "projection": "rigid",
        "element_type": "minecraft:single_pool_element"
      }
    }
  ]
}