{
  "name": "ad_astra:lunarian_village/entrance",
  "fallback": "ad_astra:lunarian_village/end",
  "elements": [
    {
      "weight": 150,
      "element": {
        "location": "ad_astra:village/moon/lunarian_village/cross",
        "processors": "minecraft:empty",
        "projection": "rigid",
        "element_type": "minecraft:single_pool_element"
      }
    },
    {
      "weight": 130,
      "element": {
        "location": "ad_astra:village/moon/lunarian_village/fork",
        "processors": "minecraft:empty",
        "projection": "rigid",
        "element_type": "minecraft:single_pool_element"
      }
    },
    {
      "weight": 100,
      "element": {
        "location": "ad_astra:village/moon/lunarian_village/hallway",
        "processors": "minecraft:empty",
        "projection": "rigid",
        "element_type": "minecraft:single_pool_element"
      }
    },
    {
      "weight": 120,
      "element": {
        "location": "ad_astra:village/moon/lunarian_village/turn",
        "processors": "minecraft:empty",
        "projection": "rigid",
        "element_type": "minecraft:single_pool_element"
      }
    }
  ]
}