{
  "carvers": {
    "air": [
      "minecraft:cave",
      "minecraft:cave_extra_underground",
      "minecraft:canyon"
    ]
  },
  "downfall": 0.8,
  "effects": {
    "fog_color": 0,
    "mood_sound": {
      "block_search_extent": 8,
      "offset": 2.0,
      "sound": "minecraft:ambient.cave",
      "tick_delay": 6000
    },
    "music": {
      "max_delay": 24000,
      "min_delay": 12000,
      "replace_current_music": false,
      "sound": "minecraft:music.overworld.deep_dark"
    },
    "sky_color": 1447444,
    "water_color": 4159204,
    "water_fog_color": 329011
  },
  "features": [
    [],
    [],
    [
    ],
    [
    ],
    [],
    [],
    [
      "ad_astra:moon_cheese_ore",
      "ad_astra:moon_desh_ore",
      "ad_astra:moon_ice_shard_ore",
      "ad_astra:moon_iron_ore",
      "ad_astra:moon_soul_soil",
      "ad_astra:moon_scoria",
      "ad_astra:moon_scorchia",
      "ad_astra:moon_soul",
      "ad_astra:moon_veridium",
      "ad_astra:moon_magma"
    ],
    [
      "minecraft:sculk_vein",
      "minecraft:sculk_patch_deep_dark"
    ],
    [],
    [],
    [
      "minecraft:freeze_top_layer"
    ]
  ],
  "has_precipitation": true,
  "spawn_costs": {},
  "spawners": {
    "ambient": [],
    "axolotls": [],
    "creature": [],
    "misc": [],
    "monster": [
      {
        "type": "ad_astra:corrupted_lunarian",
        "maxCount": 3,
        "minCount": 1,
        "weight": 25
      },
      {
        "type": "endermanoverhaul:soulsand_valley_enderman",
        "maxCount": 8,
        "minCount": 1,
        "weight": 50
      },
      {
        "type": "endermanoverhaul:spirit",
        "maxCount": 6,
        "minCount": 1,
        "weight": 25
      },
      {
        "type": "quark:forgotten",
        "maxCount": 4,
        "minCount": 1,
        "weight": 15
      }
    ],
    "underground_water_creature": [],
    "water_ambient": [],
    "water_creature": []
  },
  "temperature": 0.7
}