{
  "carvers": {
    "air": [
      "minecraft:cave",
      "minecraft:cave_extra_underground",
      "minecraft:canyon"
    ]
  },
  "downfall": 0.0,
  "effects": {
    "fog_color": 0,
    "mood_sound": {
      "block_search_extent": 8,
      "offset": 2.0,
      "sound": "minecraft:ambient.cave",
      "tick_delay": 6000
    },
    "sky_color": 1447444,
    "water_color": 4159204,
    "water_fog_color": 329011
  },
  "features": [
    [],
    [],
    [],
    [],
    [],
    [],
    [
      "ad_astra:moon_cheese_ore",
      "ad_astra:moon_desh_ore",
      "ad_astra:moon_ice_shard_ore",
      "ad_astra:moon_iron_ore",
      "ad_astra:moon_soul_soil",
      "ad_astra:moon_scoria",
      "ad_astra:moon_scorchia",
      "ad_astra:moon_soul",
      "ad_astra:moon_veridium",
      "ad_astra:moon_magma"
    ],
    []
  ],
  "has_precipitation": false,
  "spawn_costs": {
    "ad_astra:corrupted_lunarian": {
      "charge": 0.2,
      "energy_budget": 0.015
    },
    "ad_astra:star_crawler": {
      "charge": 0.4,
      "energy_budget": 0.015
    }
  },
  "spawners": {
    "ambient": [],
    "axolotls": [],
    "creature": [],
    "misc": [],
    "monster": [
      {
        "type": "ad_astra:corrupted_lunarian",
        "maxCount": 3,
        "minCount": 1,
        "weight": 80
      },
      {
        "type": "ad_astra:star_crawler",
        "maxCount": 3,
        "minCount": 1,
        "weight": 80
      },
      {
        "type": "tarotcards:alien_grunt",
        "maxCount": 6,
        "minCount": 1,
        "weight": 6
      },
      {
        "type": "tarotcards:alien_ranger",
        "maxCount": 6,
        "minCount": 1,
        "weight": 6
      },
      {
        "type": "creeperoverhaul:snowy_creeper",
        "maxCount": 24,
        "minCount": 12,
        "weight": 64
      }
    ],
    "underground_water_creature": [],
    "water_ambient": [],
    "water_creature": []
  },
  "temperature": 0.7
}