{
  "carvers": {
    "air": [
      "minecraft:cave",
      "minecraft:cave_extra_underground",
      "minecraft:canyon"
    ]
  },
  "downfall": 0.0,
  "effects": {
    "fog_color": 9109504,
    "mood_sound": {
      "block_search_extent": 8,
      "offset": 2.0,
      "sound": "minecraft:ambient.cave",
      "tick_delay": 6000
    },
    "sky_color": 0,
    "water_color": 4159204,
    "water_fog_color": 329011
  },
  "features": [
    [],
    [],
    [
      "minecraft:basalt_pillar"
    ],
    [],
    [
      "minecraft:delta"
    ],
    [],
    [
      "minecraft:ore_magma",
      "ad_astra:mercury_iron_ore"
    ],
    [
      "minecraft:basalt_blobs",
      "minecraft:spring_lava",
      "minecraft:blackstone_blobs",
      "ad_astra:mercury_crimsite",
      "ad_astra:mercury_netherrack"
    ]
  ],
  "has_precipitation": false,
  "spawn_costs": {
    "minecraft:magma_cube": {
      "charge": 0.4,
      "energy_budget": 0.015
    }
  },
  "spawners": {
    "ambient": [],
    "axolotls": [],
    "creature": [],
    "misc": [],
    "monster": [
      {
        "type": "minecraft:blaze",
        "maxCount": 3,
        "minCount": 1,
        "weight": 50
      },
      {
        "type": "minecraft:magma_cube",
        "maxCount": 3,
        "minCount": 1,
        "weight": 100
      }
    ],
    "underground_water_creature": [],
    "water_ambient": [],
    "water_creature": []
  },
  "temperature": 2.9
}